Analyse;T10_HC_PYR;T30_HC_PYR;T50_HC_PYR;T70_HC_PYR;T90_HC_PYR;T10_CO2_PYR;T30_CO2_PYR;T50_CO2_PYR;T70_CO2_PYR;T90_CO2_PYR;T10_CO_PYR;T30_CO_PYR;T50_CO_PYR;T70_CO_PYR;T90_CO_PYR;T10_CO_OX;T30_CO_OX;T50_CO_OX;T70_CO_OX;T90_CO_OX;T10_CO2_OX;T30_CO2_OX;T50_CO2_OX;T70_CO2_OX;T90_CO2_OX;PseudoS1;S2;S2_PC;HI;OI;OICO;OIre6;HI_OIre6;PC;PC_TOCre6;TOCre6;MINC
GEN_24617;341.00;407.00;456.00;498.00;555.00;302.00;366.00;427.00;486.00;537.00;316.00;367.00;411.00;461.00;523.00;321.00;396.00;493.00;552.00;776.00;317.00;381.00;446.00;510.00;575.00;0.06;1.25;0.57;188.63;256.82;77.16;230.87;0.82;2.20;0.27;8.02;6.75
GEN_24618;327.00;384.00;428.00;466.00;516.00;292.00;350.00;403.00;462.00;524.00;309.00;358.00;404.00;458.00;524.00;304.00;335.00;368.00;463.00;644.00;323.00;362.00;410.00;478.00;549.00;0.10;3.27;0.63;215.85;249.75;55.05;213.09;1.01;5.19;0.28;18.25;7.66
GEN_24619;325.00;380.00;424.00;463.00;513.00;292.00;343.00;394.00;451.00;517.00;308.00;356.00;400.00;454.00;521.00;300.00;319.00;361.00;472.00;563.00;323.00;360.00;404.00;469.00;541.00;0.12;5.13;0.66;235.35;238.35;56.04;205.37;1.15;7.75;0.29;26.29;5.60
GEN_24619BIS;323.00;377.00;421.00;461.00;509.00;290.00;342.00;393.00;451.00;517.00;307.00;355.00;401.00;456.00;524.00;300.00;316.00;359.00;479.00;579.00;322.00;360.00;404.00;469.00;540.00;0.11;5.10;0.66;235.51;238.25;54.90;204.64;1.15;7.71;0.30;26.10;5.60
IFP_160K_01;406.00;438.00;456.00;475.00;506.00;369.00;429.00;478.00;520.00;551.00;376.00;422.00;454.00;493.00;540.00;371.00;432.00;483.00;527.00;573.00;358.00;411.00;461.00;512.00;566.00;0.35;10.77;0.94;398.28;30.09;9.43;27.27;14.60;11.47;0.35;32.59;3.33
IFP_160K_02;403.00;435.00;454.00;473.00;504.00;374.00;432.00;477.00;520.00;551.00;375.00;422.00;454.00;495.00;542.00;374.00;434.00;482.00;524.00;570.00;359.00;410.00;459.00;511.00;565.00;0.34;9.78;0.93;364.45;27.40;10.08;25.69;14.19;10.53;0.33;32.35;3.27
IFP_160K_03;403.00;436.00;455.00;474.00;505.00;372.00;431.00;476.00;519.00;550.00;374.00;420.00;452.00;492.00;540.00;372.00;433.00;482.00;524.00;571.00;360.00;411.00;461.00;512.00;566.00;0.33;10.12;0.94;372.59;27.58;9.45;25.46;14.63;10.82;0.33;32.74;3.23
IFP_160K_04;403.00;435.00;454.00;473.00;504.00;375.00;433.00;478.00;519.00;551.00;376.00;421.00;452.00;492.00;540.00;371.00;432.00;483.00;524.00;571.00;359.00;410.00;462.00;512.00;566.00;0.36;10.02;0.93;372.11;28.83;10.61;27.03;13.77;10.74;0.33;32.46;3.23
IFP_160K_05;403.00;436.00;454.00;473.00;504.00;377.00;433.00;481.00;523.00;551.00;373.00;419.00;450.00;490.00;539.00;369.00;430.00;481.00;524.00;570.00;358.00;409.00;459.00;510.00;564.00;0.31;10.19;0.94;379.96;25.06;10.82;24.41;15.57;10.85;0.34;32.34;3.20
IFP_160K_06;401.00;434.00;453.00;472.00;504.00;377.00;436.00;481.00;521.00;551.00;373.00;420.00;452.00;492.00;540.00;368.00;429.00;479.00;522.00;568.00;357.00;407.00;457.00;509.00;563.00;0.36;9.91;0.93;369.56;28.90;11.69;27.70;13.34;10.66;0.33;32.35;3.24
IFP_160K_07;404.00;436.00;455.00;474.00;505.00;375.00;433.00;479.00;521.00;550.00;374.00;421.00;455.00;498.00;543.00;372.00;432.00;482.00;524.00;571.00;358.00;409.00;459.00;510.00;564.00;0.36;9.76;0.93;360.38;28.40;10.92;26.90;13.40;10.54;0.32;32.64;3.25
IFP_160K_08;403.00;433.00;451.00;469.00;495.00;385.00;440.00;480.00;521.00;551.00;382.00;427.00;461.00;506.00;546.00;374.00;436.00;488.00;531.00;586.00;360.00;412.00;463.00;514.00;567.00;0.21;9.24;0.93;348.69;25.82;8.70;23.75;14.68;9.90;0.31;31.92;3.31
IFP_160K_09;408.00;437.00;455.00;473.00;500.00;376.00;435.00;484.00;524.00;551.00;378.00;424.00;458.00;499.00;543.00;374.00;433.00;484.00;526.00;574.00;362.00;412.00;463.00;513.00;566.00;0.19;9.83;0.95;366.09;25.71;8.83;23.75;15.42;10.40;0.32;32.34;3.26
IFP_160K_10;404.00;435.00;454.00;473.00;503.00;375.00;435.00;484.00;524.00;551.00;375.00;420.00;451.00;492.00;540.00;372.00;432.00;482.00;524.00;570.00;360.00;410.00;461.00;511.00;565.00;0.29;10.34;0.94;382.05;24.27;10.10;23.43;16.31;10.96;0.34;32.63;3.24
IFP_160K_11;405.00;437.00;456.00;475.00;506.00;374.00;433.00;482.00;523.00;551.00;376.00;420.00;452.00;492.00;540.00;370.00;431.00;481.00;524.00;570.00;359.00;410.00;461.00;512.00;566.00;0.28;10.22;0.94;377.50;24.22;10.07;23.37;16.15;10.83;0.33;32.62;3.21
IFP_160K_12;403.00;434.00;454.00;472.00;503.00;373.00;432.00;482.00;525.00;552.00;370.00;416.00;448.00;488.00;539.00;370.00;431.00;481.00;524.00;570.00;359.00;410.00;459.00;511.00;564.00;0.29;10.23;0.94;378.86;25.74;10.51;24.72;15.32;10.87;0.33;32.57;3.22
IFP_160K_13;403.00;435.00;454.00;472.00;504.00;374.00;436.00;484.00;524.00;552.00;372.00;420.00;453.00;495.00;543.00;371.00;431.00;481.00;524.00;571.00;358.00;410.00;460.00;512.00;565.00;0.29;9.97;0.94;370.31;24.21;9.29;22.92;16.16;10.63;0.33;32.45;3.21
IFP_160K_14;404.00;436.00;455.00;473.00;504.00;373.00;431.00;478.00;519.00;550.00;377.00;422.00;453.00;494.00;541.00;370.00;430.00;481.00;523.00;569.00;358.00;409.00;460.00;512.00;565.00;0.30;9.98;0.94;370.25;26.05;10.54;24.97;14.83;10.65;0.33;32.50;3.20
IFP_160K_15;404.00;436.00;455.00;474.00;504.00;373.00;433.00;481.00;522.00;551.00;376.00;421.00;455.00;496.00;543.00;371.00;431.00;481.00;523.00;570.00;359.00;410.00;461.00;511.00;565.00;0.30;9.73;0.93;364.87;27.26;9.89;25.47;14.32;10.42;0.32;32.14;3.23
IFP_160K_16;404.00;436.00;455.00;474.00;505.00;375.00;432.00;480.00;522.00;551.00;376.00;420.00;451.00;490.00;540.00;370.00;431.00;482.00;524.00;571.00;358.00;409.00;460.00;511.00;565.00;0.31;10.05;0.94;375.00;25.46;10.41;24.46;15.33;10.69;0.33;32.30;3.22
IFP_160K_17;404.00;436.00;455.00;474.00;505.00;374.00;432.00;480.00;522.00;551.00;375.00;421.00;455.00;497.00;543.00;373.00;434.00;484.00;526.00;572.00;359.00;410.00;459.00;510.00;564.00;0.33;9.68;0.93;360.96;27.37;10.27;25.77;14.01;10.41;0.32;32.32;3.24
IFP_160K_18;404.00;436.00;455.00;474.00;505.00;373.00;431.00;479.00;520.00;550.00;375.00;422.00;456.00;498.00;543.00;371.00;432.00;481.00;524.00;570.00;360.00;410.00;460.00;511.00;565.00;0.33;9.91;0.93;364.54;27.87;10.07;26.02;14.01;10.65;0.32;32.77;3.26
IFP_160K_19;402.00;434.00;453.00;472.00;503.00;371.00;431.00;480.00;522.00;551.00;373.00;418.00;451.00;492.00;541.00;372.00;433.00;483.00;524.00;572.00;359.00;409.00;459.00;510.00;564.00;0.30;9.99;0.94;371.11;27.39;10.20;25.75;14.41;10.67;0.33;32.45;3.22
IFP_160K_20;404.00;436.00;455.00;474.00;505.00;374.00;432.00;480.00;521.00;551.00;374.00;420.00;454.00;496.00;542.00;371.00;431.00;481.00;524.00;572.00;358.00;408.00;459.00;511.00;565.00;0.36;10.25;0.93;368.00;27.95;10.22;26.17;14.06;11.01;0.33;33.58;3.37
IFP_160K_21;407.00;440.00;462.00;485.00;503.00;371.00;430.00;476.00;499.00;551.00;376.00;422.00;456.00;499.00;543.00;372.00;432.00;482.00;524.00;570.00;359.00;410.00;461.00;511.00;566.00;0.33;11.57;0.94;402.82;26.60;10.64;25.42;15.84;12.28;0.35;34.62;3.31
IFP_160K_21';405.00;437.00;456.00;475.00;506.00;370.00;428.00;475.00;517.00;549.00;373.00;421.00;453.00;494.00;541.00;370.00;431.00;481.00;524.00;570.00;357.00;408.00;459.00;511.00;565.00;0.32;9.98;0.93;372.03;28.91;11.14;27.39;13.58;10.69;0.33;32.34;3.23
IFP_160K_21'';406.00;437.00;456.00;474.00;505.00;380.00;438.00;485.00;523.00;550.00;380.00;426.00;459.00;502.00;544.00;372.00;431.00;481.00;523.00;570.00;358.00;407.00;458.00;511.00;565.00;0.33;9.92;0.93;366.25;22.16;9.80;21.72;16.86;10.64;0.33;32.65;3.23
IFP_160K_22;405.00;437.00;455.00;474.00;505.00;375.00;434.00;484.00;524.00;551.00;375.00;421.00;453.00;494.00;542.00;374.00;434.00;484.00;526.00;570.00;360.00;412.00;462.00;514.00;566.00;0.37;10.65;0.93;377.25;24.92;10.40;24.06;15.68;11.39;0.33;34.05;3.28
IFP_160K_23;403.00;435.00;453.00;472.00;503.00;371.00;433.00;484.00;524.00;551.00;360.00;414.00;451.00;495.00;542.00;371.00;431.00;482.00;524.00;570.00;359.00;409.00;460.00;511.00;565.00;0.34;10.38;0.93;371.51;26.32;13.52;26.86;13.83;11.19;0.33;33.70;3.34
SOIL_10044;327.00;376.00;420.00;462.00;521.00;284.00;338.00;387.00;440.00;515.00;302.00;347.00;390.00;446.00;520.00;300.00;322.00;348.00;381.00;483.00;316.00;353.00;385.00;431.00;516.00;0.20;3.92;0.58;212.10;331.13;58.39;274.18;0.77;6.72;0.30;22.30;1.49
SOIL_10048;327.00;380.00;421.00;460.00;520.00;288.00;343.00;394.00;448.00;517.00;305.00;350.00;395.00;452.00;523.00;300.00;316.00;356.00;412.00;545.00;319.00;358.00;394.00;449.00;527.00;0.12;2.73;0.58;186.75;291.60;53.13;242.44;0.77;4.73;0.27;17.62;1.78
SOIL_10091;327.00;383.00;425.00;464.00;522.00;289.00;345.00;396.00;451.00;519.00;305.00;351.00;395.00;451.00;522.00;304.00;333.00;369.00;451.00;569.00;322.00;360.00;400.00;458.00;532.00;0.15;3.08;0.59;197.94;284.07;57.42;239.41;0.83;5.20;0.28;18.74;2.43
SOIL_10099;325.00;377.00;420.00;459.00;513.00;287.00;340.00;388.00;443.00;513.00;304.00;348.00;391.00;449.00;521.00;300.00;319.00;356.00;415.00;541.00;319.00;357.00;393.00;446.00;524.00;0.17;4.80;0.63;221.20;276.63;56.01;233.20;0.95;7.65;0.29;26.14;1.98
SOIL_10149;319.00;374.00;418.00;459.00;513.00;278.00;335.00;385.00;438.00;508.00;300.00;348.00;393.00;451.00;522.00;324.00;378.00;424.00;486.00;553.00;334.00;384.00;426.00;480.00;545.00;0.10;0.98;0.38;96.03;319.89;80.90;278.87;0.34;2.59;0.21;12.29;0.14
SOIL_10161;315.00;363.00;407.00;452.00;505.00;285.00;336.00;384.00;439.00;514.00;302.00;350.00;398.00;456.00;527.00;300.00;324.00;345.00;369.00;490.00;320.00;356.00;388.00;436.00;521.00;0.11;3.20;0.64;219.62;265.65;49.17;221.29;0.99;5.03;0.29;17.56;1.68
SOIL_10163;330.00;377.00;416.00;455.00;512.00;289.00;343.00;392.00;444.00;517.00;307.00;353.00;398.00;456.00;523.00;302.00;327.00;360.00;406.00;523.00;321.00;358.00;393.00;442.00;523.00;0.12;2.94;0.58;199.43;304.38;63.31;257.54;0.77;5.07;0.29;17.74;2.15
SOIL_10164;316.00;363.00;407.00;452.00;507.00;287.00;339.00;387.00;442.00;518.00;303.00;350.00;397.00;455.00;525.00;304.00;327.00;358.00;394.00;507.00;319.00;357.00;394.00;446.00;528.00;0.13;3.76;0.62;211.41;270.49;51.31;226.04;0.94;6.02;0.28;21.40;1.91
SOIL_10180;329.00;379.00;420.00;459.00;513.00;288.00;342.00;393.00;447.00;516.00;306.00;351.00;395.00;452.00;522.00;303.00;329.00;362.00;413.00;533.00;323.00;362.00;401.00;455.00;531.00;0.14;4.08;0.61;204.22;269.03;54.26;226.66;0.90;6.64;0.28;24.06;1.90
SOIL_10228;325.00;377.00;417.00;455.00;506.00;289.00;343.00;389.00;440.00;507.00;308.00;357.00;402.00;459.00;525.00;325.00;362.00;399.00;459.00;535.00;319.00;368.00;406.00;461.00;534.00;0.05;0.96;0.50;131.71;247.50;70.44;220.25;0.60;1.91;0.22;8.78;0.08
SOIL_10274;332.00;387.00;428.00;464.00;516.00;289.00;345.00;395.00;448.00;515.00;307.00;354.00;399.00;455.00;523.00;300.00;320.00;358.00;450.00;540.00;325.00;364.00;408.00;472.00;537.00;0.14;4.01;0.60;185.60;255.01;56.54;217.77;0.85;6.69;0.26;26.06;1.56
SOIL_1029;355.00;417.00;463.00;505.00;563.00;298.00;361.00;413.00;470.00;530.00;314.00;369.00;414.00;463.00;524.00;318.00;410.00;507.00;554.00;641.00;321.00;387.00;451.00;511.00;566.00;0.16;1.31;0.46;122.63;268.15;79.21;240.28;0.51;2.82;0.22;12.84;4.42
SOIL_10300;326.00;377.00;424.00;468.00;520.00;288.00;335.00;378.00;432.00;507.00;304.00;352.00;397.00;452.00;520.00;307.00;339.00;365.00;422.00;537.00;319.00;357.00;398.00;456.00;535.00;0.13;9.73;0.73;278.31;206.16;47.83;177.26;1.57;13.28;0.32;42.10;5.42
SOIL_10300';324.00;376.00;422.00;465.00;518.00;285.00;331.00;374.00;429.00;507.00;301.00;349.00;394.00;451.00;521.00;299.00;325.00;358.00;431.00;556.00;317.00;355.00;395.00;453.00;534.00;0.16;9.47;0.71;272.36;228.06;50.52;194.73;1.40;13.37;0.32;41.91;5.42
SOIL_10332;323.00;372.00;416.00;459.00;512.00;289.00;341.00;389.00;444.00;515.00;305.00;351.00;394.00;451.00;521.00;302.00;324.00;357.00;410.00;531.00;319.00;357.00;395.00;448.00;526.00;0.09;3.17;0.65;228.42;246.07;54.96;210.36;1.09;4.85;0.29;16.73;2.74
SOIL_10332BIS;319.00;369.00;412.00;454.00;507.00;286.00;338.00;386.00;441.00;514.00;303.00;348.00;392.00;450.00;522.00;300.00;326.00;364.00;436.00;644.00;319.00;357.00;393.00;446.00;524.00;0.09;3.27;0.65;231.80;252.81;53.66;214.53;1.08;5.02;0.30;17.00;2.76
SOIL_10333;327.00;374.00;408.00;448.00;504.00;287.00;339.00;386.00;439.00;514.00;305.00;351.00;398.00;454.00;524.00;305.00;333.00;363.00;416.00;544.00;317.00;355.00;391.00;442.00;524.00;0.07;2.43;0.67;257.88;257.47;51.25;216.53;1.19;3.60;0.32;11.35;2.34
SOIL_10334;326.00;374.00;416.00;459.00;512.00;289.00;341.00;387.00;440.00;514.00;308.00;356.00;402.00;462.00;531.00;300.00;317.00;356.00;416.00;550.00;322.00;358.00;394.00;444.00;524.00;0.07;2.63;0.64;216.84;243.85;51.35;206.69;1.05;4.07;0.28;14.59;1.56
SOIL_10336;321.00;369.00;411.00;455.00;511.00;288.00;338.00;383.00;436.00;510.00;304.00;351.00;394.00;452.00;523.00;300.00;317.00;352.00;384.00;520.00;318.00;356.00;390.00;440.00;521.00;0.07;2.53;0.66;234.03;243.61;52.12;206.96;1.13;3.82;0.29;13.00;1.63
SOIL_10337;325.00;374.00;417.00;460.00;515.00;289.00;340.00;387.00;441.00;514.00;306.00;352.00;395.00;452.00;522.00;301.00;321.00;355.00;403.00;533.00;318.00;356.00;392.00;444.00;524.00;0.08;3.12;0.66;230.90;242.53;53.67;207.05;1.12;4.71;0.29;16.26;2.38
SOIL_10491;324.00;372.00;416.00;458.00;512.00;288.00;340.00;388.00;442.00;515.00;303.00;348.00;393.00;451.00;523.00;302.00;326.00;360.00;441.00;652.00;322.00;360.00;396.00;446.00;527.00;0.11;3.27;0.63;222.88;272.52;55.51;229.92;0.97;5.18;0.29;17.70;2.90
SOIL_1050;347.00;407.00;452.00;494.00;553.00;298.00;356.00;409.00;468.00;529.00;313.00;364.00;408.00;459.00;522.00;306.00;370.00;491.00;563.00;804.00;324.00;375.00;437.00;503.00;559.00;0.07;1.17;0.50;134.37;250.85;66.05;220.18;0.61;2.33;0.22;10.53;5.25
SOIL_10520;334.00;384.00;425.00;466.00;522.00;293.00;346.00;393.00;446.00;512.00;310.00;358.00;404.00;460.00;524.00;317.00;359.00;440.00;513.00;568.00;320.00;373.00;426.00;487.00;549.00;0.05;0.93;0.49;119.29;237.46;69.45;212.38;0.56;1.90;0.20;9.34;0.09
SOIL_10522;332.00;386.00;429.00;467.00;520.00;287.00;340.00;384.00;434.00;503.00;312.00;361.00;406.00;461.00;525.00;318.00;372.00;434.00;500.00;564.00;323.00;373.00;421.00;480.00;546.00;0.04;1.10;0.54;139.79;212.59;74.75;197.33;0.71;2.03;0.21;9.45;0.08
SOIL_10535;329.00;386.00;432.00;473.00;527.00;292.00;344.00;392.00;448.00;516.00;307.00;356.00;404.00;459.00;521.00;326.00;377.00;459.00;520.00;577.00;324.00;383.00;440.00;498.00;555.00;0.06;2.28;0.57;166.53;232.80;75.06;212.20;0.78;3.98;0.24;16.49;0.75
SOIL_10540;320.00;377.00;423.00;461.00;509.00;285.00;337.00;381.00;433.00;504.00;302.00;354.00;401.00;458.00;525.00;328.00;375.00;427.00;492.00;558.00;325.00;372.00;413.00;470.00;543.00;0.03;1.05;0.58;169.66;230.16;66.86;205.60;0.83;1.81;0.24;7.44;0.06
SOIL_10639;333.00;389.00;433.00;474.00;531.00;294.00;351.00;403.00;460.00;522.00;312.00;359.00;404.00;457.00;522.00;310.00;358.00;466.00;520.00;567.00;319.00;377.00;436.00;495.00;552.00;0.06;1.09;0.50;134.63;250.06;76.85;225.77;0.60;2.18;0.22;9.79;0.73
SOIL_10660;316.00;374.00;416.00;455.00;505.00;283.00;337.00;384.00;434.00;502.00;304.00;351.00;397.00;455.00;524.00;320.00;356.00;389.00;447.00;543.00;315.00;363.00;399.00;447.00;526.00;0.06;1.27;0.55;159.60;257.79;66.31;225.38;0.71;2.32;0.24;9.61;0.09
SOIL_1071;332.00;390.00;433.00;475.00;538.00;290.00;345.00;394.00;448.00;514.00;309.00;359.00;405.00;459.00;524.00;310.00;358.00;439.00;513.00;569.00;325.00;369.00;423.00;488.00;545.00;0.06;1.00;0.50;131.32;246.28;65.51;216.55;0.61;1.99;0.22;9.17;0.15
SOIL_10725;332.00;389.00;430.00;466.00;518.00;288.00;344.00;394.00;447.00;513.00;308.00;355.00;400.00;454.00;522.00;312.00;354.00;399.00;480.00;543.00;319.00;373.00;421.00;481.00;543.00;0.09;2.13;0.54;149.74;250.49;67.94;221.00;0.68;3.93;0.23;17.14;0.17
SOIL_10742;334.00;392.00;432.00;468.00;518.00;292.00;348.00;400.00;452.00;515.00;309.00;357.00;402.00;456.00;522.00;312.00;355.00;404.00;476.00;539.00;326.00;369.00;420.00;483.00;542.00;0.10;2.35;0.55;166.28;279.98;63.34;239.82;0.69;4.26;0.25;17.06;1.19
SOIL_10742BIS;335.00;393.00;433.00;468.00;518.00;293.00;348.00;400.00;453.00;515.00;305.00;357.00;406.00;460.00;524.00;309.00;350.00;394.00;482.00;545.00;316.00;372.00;423.00;485.00;543.00;0.10;2.33;0.54;164.80;279.04;73.06;244.68;0.67;4.31;0.25;17.03;1.19
SOIL_10790;342.00;397.00;440.00;481.00;538.00;291.00;348.00;398.00;452.00;518.00;313.00;361.00;406.00;458.00;522.00;310.00;362.00;480.00;524.00;570.00;324.00;383.00;442.00;498.00;553.00;0.09;1.55;0.49;126.76;257.28;72.20;228.37;0.56;3.16;0.21;14.72;0.67
SOIL_10810;332.00;389.00;432.00;469.00;523.00;292.00;345.00;392.00;446.00;512.00;310.00;358.00;404.00;458.00;522.00;316.00;360.00;431.00;501.00;559.00;325.00;368.00;423.00;489.00;547.00;0.05;2.07;0.61;180.96;228.13;60.61;200.55;0.90;3.41;0.25;13.79;0.85
SOIL_10818;315.00;365.00;408.00;451.00;502.00;286.00;331.00;370.00;419.00;492.00;305.00;354.00;401.00;458.00;526.00;320.00;355.00;384.00;445.00;544.00;327.00;362.00;395.00;443.00;524.00;0.03;1.35;0.64;200.58;210.50;60.00;187.38;1.07;2.10;0.26;8.09;0.05
SOIL_1085;349.00;411.00;459.00;502.00;562.00;291.00;352.00;403.00;461.00;525.00;313.00;364.00;408.00;458.00;520.00;316.00;394.00;470.00;524.00;586.00;326.00;390.00;455.00;511.00;564.00;0.12;1.70;0.51;135.88;244.24;76.54;221.37;0.61;3.33;0.22;15.07;3.11
SOIL_1092;349.00;413.00;461.00;504.00;564.00;289.00;348.00;399.00;456.00;522.00;311.00;362.00;407.00;457.00;519.00;319.00;393.00;467.00;524.00;587.00;325.00;390.00;453.00;511.00;563.00;0.11;1.92;0.53;144.43;239.24;77.68;218.38;0.66;3.63;0.23;16.04;2.34
SOIL_10961;338.00;390.00;433.00;475.00;534.00;293.00;350.00;399.00;452.00;515.00;312.00;360.00;405.00;458.00;523.00;321.00;386.00;456.00;509.00;560.00;325.00;384.00;444.00;501.00;555.00;0.05;1.01;0.46;111.50;244.02;83.35;225.10;0.50;2.20;0.20;10.88;0.12
SOIL_10962;338.00;390.00;434.00;476.00;535.00;292.00;349.00;397.00;451.00;516.00;311.00;360.00;405.00;459.00;524.00;319.00;374.00;478.00;524.00;573.00;326.00;382.00;438.00;497.00;552.00;0.06;1.05;0.46;111.16;249.21;79.75;226.82;0.49;2.31;0.20;11.42;0.15
SOIL_10966;346.00;401.00;444.00;485.00;539.00;297.00;358.00;414.00;472.00;528.00;313.00;362.00;406.00;457.00;521.00;319.00;369.00;461.00;516.00;573.00;321.00;382.00;443.00;501.00;557.00;0.06;1.23;0.49;130.40;258.61;72.84;229.70;0.57;2.49;0.22;11.39;2.32
SOIL_10970;334.00;389.00;433.00;477.00;537.00;293.00;349.00;399.00;453.00;517.00;314.00;362.00;407.00;459.00;522.00;318.00;383.00;459.00;512.00;563.00;327.00;384.00;443.00;500.00;555.00;0.07;1.08;0.47;112.46;240.58;75.77;218.27;0.52;2.31;0.20;11.55;0.13
SOIL_10983;343.00;396.00;439.00;480.00;539.00;293.00;349.00;397.00;452.00;517.00;313.00;360.00;404.00;459.00;524.00;322.00;380.00;469.00;518.00;566.00;327.00;384.00;441.00;498.00;552.00;0.06;1.18;0.47;118.16;251.27;81.69;229.43;0.52;2.53;0.21;12.06;0.13
SOIL_1099;342.00;402.00;448.00;492.00;552.00;289.00;348.00;399.00;457.00;523.00;309.00;361.00;406.00;458.00;522.00;310.00;369.00;468.00;524.00;585.00;323.00;376.00;439.00;503.00;557.00;0.10;1.15;0.45;114.88;266.98;76.46;237.86;0.48;2.56;0.21;12.04;1.69
SOIL_11030;349.00;404.00;447.00;488.00;544.00;295.00;356.00;412.00;474.00;532.00;311.00;363.00;410.00;462.00;526.00;319.00;375.00;460.00;522.00;601.00;321.00;380.00;444.00;507.00;562.00;0.06;1.13;0.48;124.38;264.76;70.45;232.81;0.53;2.38;0.22;10.96;2.38
SOIL_11043;352.00;405.00;450.00;493.00;553.00;293.00;350.00;399.00;455.00;521.00;316.00;365.00;408.00;461.00;523.00;325.00;381.00;461.00;521.00;578.00;316.00;375.00;436.00;501.00;558.00;0.05;0.88;0.46;113.10;241.11;88.50;225.93;0.50;1.92;0.21;9.34;0.58
SOIL_11056;341.00;395.00;435.00;472.00;526.00;291.00;348.00;397.00;450.00;515.00;310.00;356.00;402.00;457.00;523.00;311.00;357.00;433.00;506.00;562.00;326.00;371.00;426.00;491.00;547.00;0.06;1.21;0.50;136.78;274.32;71.49;240.36;0.57;2.44;0.23;10.65;0.39
SOIL_11059;361.00;420.00;463.00;504.00;562.00;290.00;349.00;398.00;454.00;522.00;315.00;365.00;409.00;459.00;520.00;312.00;365.00;478.00;535.00;606.00;316.00;379.00;442.00;506.00;559.00;0.08;1.47;0.50;125.57;238.88;77.72;218.14;0.58;2.96;0.21;14.10;1.76
SOIL_11125;336.00;393.00;435.00;470.00;518.00;295.00;352.00;404.00;459.00;520.00;312.00;361.00;406.00;459.00;522.00;305.00;346.00;395.00;492.00;569.00;327.00;369.00;422.00;484.00;544.00;0.13;3.31;0.59;182.16;257.58;62.32;222.94;0.82;5.64;0.26;21.90;4.82
SOIL_11125BIS;333.00;391.00;432.00;467.00;516.00;292.00;349.00;401.00;455.00;518.00;310.00;358.00;403.00;456.00;522.00;306.00;346.00;393.00;494.00;572.00;326.00;371.00;422.00;485.00;544.00;0.11;3.32;0.59;183.82;259.92;61.14;223.97;0.82;5.63;0.26;21.74;4.79
SOIL_11222;360.00;420.00;464.00;504.00;559.00;299.00;364.00;420.00;478.00;533.00;316.00;370.00;415.00;463.00;522.00;323.00;416.00;503.00;548.00;648.00;326.00;389.00;455.00;514.00;569.00;0.09;1.20;0.50;138.58;260.36;76.58;233.11;0.59;2.41;0.23;10.46;5.62
SOIL_11227;347.00;401.00;443.00;482.00;540.00;294.00;349.00;397.00;450.00;516.00;313.00;364.00;411.00;464.00;527.00;308.00;356.00;434.00;514.00;572.00;325.00;370.00;426.00;492.00;545.00;0.03;0.80;0.49;115.98;231.53;62.69;204.21;0.57;1.64;0.20;8.35;0.35
SOIL_11229;358.00;416.00;462.00;505.00;561.00;295.00;358.00;410.00;468.00;528.00;315.00;368.00;409.00;457.00;520.00;321.00;418.00;501.00;544.00;606.00;322.00;384.00;450.00;510.00;563.00;0.07;1.25;0.48;119.94;241.75;73.25;217.67;0.55;2.60;0.21;12.59;2.96
SOIL_11241;352.00;414.00;458.00;495.00;549.00;298.00;358.00;417.00;477.00;533.00;313.00;364.00;410.00;461.00;524.00;313.00;392.00;495.00;552.00;780.00;316.00;374.00;433.00;501.00;566.00;0.06;1.45;0.57;177.14;246.05;68.82;218.27;0.81;2.54;0.26;9.87;7.29
SOIL_11266;335.00;397.00;441.00;478.00;528.00;289.00;341.00;391.00;446.00;515.00;306.00;356.00;403.00;457.00;522.00;307.00;351.00;415.00;487.00;569.00;324.00;368.00;421.00;480.00;541.00;0.09;3.39;0.62;200.39;248.24;59.04;214.27;0.94;5.48;0.27;20.40;5.67
SOIL_1127;342.00;403.00;445.00;482.00;536.00;292.00;349.00;402.00;461.00;524.00;307.00;359.00;405.00;459.00;524.00;304.00;351.00;427.00;508.00;708.00;325.00;370.00;427.00;492.00;550.00;0.10;2.08;0.57;173.93;255.50;60.31;220.28;0.79;3.64;0.25;14.40;7.23
SOIL_11277;351.00;410.00;456.00;498.00;557.00;294.00;350.00;399.00;454.00;520.00;314.00;365.00;410.00;461.00;522.00;320.00;429.00;491.00;534.00;589.00;322.00;385.00;446.00;506.00;559.00;0.07;1.76;0.52;135.53;226.97;78.71;210.05;0.65;3.36;0.22;15.61;1.25
SOIL_11278;362.00;422.00;464.00;503.00;558.00;295.00;356.00;410.00;468.00;528.00;313.00;368.00;413.00;462.00;523.00;319.00;387.00;480.00;537.00;630.00;322.00;384.00;447.00;509.00;562.00;0.09;1.60;0.51;129.07;241.68;64.41;212.57;0.61;3.14;0.21;14.98;5.27
SOIL_11330;324.00;385.00;429.00;466.00;515.00;285.00;337.00;385.00;441.00;510.00;306.00;355.00;403.00;458.00;524.00;307.00;348.00;386.00;468.00;545.00;325.00;377.00;422.00;480.00;544.00;0.22;7.37;0.63;198.93;239.35;56.15;206.16;0.96;11.69;0.26;44.64;0.36
SOIL_11332;323.00;382.00;428.00;465.00;514.00;285.00;336.00;384.00;438.00;507.00;306.00;354.00;401.00;456.00;522.00;313.00;351.00;382.00;443.00;527.00;318.00;369.00;412.00;468.00;536.00;0.18;7.30;0.65;215.16;234.78;58.17;203.99;1.05;11.21;0.27;40.88;0.30
SOIL_11338;334.00;393.00;437.00;472.00;523.00;289.00;342.00;392.00;447.00;514.00;308.00;354.00;400.00;454.00;522.00;304.00;340.00;385.00;484.00;546.00;316.00;370.00;421.00;481.00;541.00;0.17;5.59;0.64;206.08;241.66;56.50;208.04;0.99;8.79;0.27;32.66;1.13
SOIL_11340;337.00;392.00;432.00;467.00;516.00;287.00;340.00;390.00;443.00;510.00;308.00;353.00;397.00;453.00;523.00;300.00;325.00;357.00;460.00;544.00;325.00;364.00;409.00;472.00;535.00;0.15;4.01;0.59;183.62;267.06;60.69;228.91;0.80;6.81;0.26;26.31;0.37
SOIL_11355;336.00;393.00;434.00;472.00;527.00;291.00;347.00;399.00;455.00;520.00;307.00;354.00;400.00;455.00;522.00;310.00;351.00;403.00;492.00;566.00;327.00;369.00;420.00;482.00;544.00;0.10;3.12;0.58;174.92;257.64;62.56;223.13;0.78;5.39;0.25;21.47;3.58
SOIL_11367;328.00;387.00;430.00;467.00;519.00;290.00;344.00;394.00;448.00;514.00;308.00;355.00;401.00;455.00;522.00;308.00;350.00;400.00;482.00;543.00;316.00;370.00;419.00;480.00;541.00;0.13;3.77;0.59;183.67;271.77;60.83;232.41;0.79;6.44;0.26;24.73;0.78
SOIL_11367BIS;328.00;387.00;429.00;466.00;518.00;291.00;344.00;395.00;448.00;514.00;308.00;356.00;401.00;455.00;522.00;310.00;350.00;391.00;478.00;543.00;317.00;372.00;421.00;481.00;542.00;0.14;3.84;0.59;185.70;271.08;61.37;232.22;0.80;6.55;0.26;24.94;0.78
SOIL_11422;322.00;375.00;417.00;457.00;513.00;282.00;337.00;384.00;436.00;504.00;306.00;355.00;400.00;458.00;527.00;310.00;347.00;374.00;435.00;532.00;325.00;362.00;399.00;453.00;527.00;0.08;1.12;0.51;146.54;284.76;64.66;244.05;0.60;2.18;0.24;9.17;0.09
SOIL_11426;323.00;378.00;421.00;462.00;518.00;287.00;341.00;389.00;440.00;506.00;307.00;353.00;397.00;453.00;522.00;321.00;359.00;400.00;473.00;541.00;314.00;367.00;412.00;471.00;538.00;0.07;1.29;0.52;145.45;267.30;68.34;233.45;0.62;2.48;0.23;10.66;0.10
SOIL_11437;320.00;376.00;417.00;454.00;507.00;287.00;341.00;389.00;439.00;506.00;305.00;353.00;397.00;455.00;524.00;316.00;356.00;391.00;456.00;537.00;326.00;363.00;402.00;455.00;532.00;0.06;1.00;0.50;141.06;281.73;65.44;242.29;0.58;1.99;0.23;8.51;0.09
SOIL_11500;355.00;415.00;458.00;496.00;551.00;290.00;346.00;396.00;453.00;521.00;311.00;361.00;406.00;458.00;523.00;300.00;349.00;482.00;549.00;742.00;325.00;371.00;431.00;497.00;552.00;0.10;1.92;0.52;137.84;247.39;71.51;220.78;0.62;3.70;0.22;16.75;2.58
SOIL_11506;347.00;407.00;450.00;486.00;537.00;294.00;350.00;401.00;458.00;523.00;310.00;361.00;407.00;460.00;523.00;319.00;370.00;452.00;518.00;618.00;315.00;376.00;434.00;498.00;559.00;0.09;2.40;0.61;179.91;226.42;54.35;195.73;0.92;3.96;0.25;16.08;6.83
SOIL_11515;351.00;413.00;458.00;498.00;555.00;294.00;352.00;404.00;462.00;526.00;312.00;362.00;407.00;457.00;521.00;315.00;380.00;475.00;532.00;649.00;317.00;381.00;439.00;503.00;560.00;0.08;1.72;0.53;147.40;243.96;70.88;217.93;0.68;3.24;0.23;14.09;5.02
SOIL_11520;348.00;402.00;445.00;492.00;553.00;289.00;350.00;399.00;454.00;520.00;316.00;365.00;408.00;460.00;524.00;326.00;397.00;480.00;528.00;579.00;320.00;384.00;447.00;506.00;559.00;0.06;0.66;0.38;96.25;277.96;96.17;257.11;0.37;1.72;0.21;8.26;0.35
SOIL_1155;342.00;401.00;447.00;491.00;553.00;289.00;348.00;399.00;456.00;522.00;309.00;361.00;406.00;459.00;523.00;315.00;366.00;473.00;527.00;582.00;315.00;376.00;439.00;502.00;558.00;0.08;1.07;0.48;123.25;246.12;78.87;224.07;0.55;2.24;0.21;10.42;0.72
SOIL_11587;354.00;415.00;459.00;497.00;554.00;290.00;348.00;399.00;457.00;523.00;311.00;361.00;405.00;456.00;520.00;307.00;370.00;495.00;544.00;614.00;327.00;376.00;435.00;500.00;556.00;0.08;1.90;0.54;149.02;242.97;71.23;217.41;0.69;3.53;0.23;15.36;3.46
SOIL_11604;338.00;396.00;439.00;479.00;537.00;294.00;352.00;403.00;461.00;523.00;312.00;360.00;404.00;456.00;521.00;314.00;360.00;453.00;518.00;591.00;318.00;377.00;434.00;496.00;554.00;0.07;1.68;0.55;156.49;253.62;70.24;224.59;0.70;3.09;0.24;12.97;3.02
SOIL_11623;318.00;373.00;413.00;451.00;506.00;285.00;340.00;389.00;441.00;510.00;305.00;353.00;399.00;458.00;525.00;310.00;348.00;377.00;434.00;527.00;321.00;359.00;395.00;448.00;528.00;0.07;1.49;0.52;150.91;276.74;64.34;238.03;0.63;2.84;0.24;11.91;0.13
SOIL_11701;314.00;373.00;416.00;457.00;514.00;285.00;340.00;388.00;439.00;507.00;305.00;355.00;399.00;455.00;524.00;317.00;367.00;405.00;462.00;535.00;322.00;372.00;410.00;459.00;532.00;0.06;0.99;0.54;150.68;253.92;64.52;221.54;0.68;1.83;0.23;7.90;0.07
SOIL_11702;337.00;394.00;434.00;470.00;521.00;295.00;351.00;403.00;457.00;520.00;312.00;360.00;404.00;457.00;523.00;305.00;353.00;427.00;506.00;557.00;327.00;367.00;420.00;486.00;545.00;0.09;2.41;0.58;170.17;249.41;62.25;216.96;0.78;4.18;0.24;17.06;1.42
SOIL_11716;320.00;376.00;419.00;459.00;515.00;287.00;343.00;392.00;444.00;511.00;309.00;356.00;400.00;456.00;525.00;316.00;355.00;391.00;464.00;543.00;316.00;369.00;410.00;463.00;534.00;0.05;0.83;0.51;141.91;270.63;65.35;234.16;0.61;1.63;0.23;7.07;0.08
SOIL_11716BIS;311.00;370.00;415.00;456.00;514.00;285.00;342.00;391.00;442.00;510.00;306.00;355.00;399.00;454.00;524.00;325.00;366.00;410.00;471.00;540.00;317.00;369.00;411.00;464.00;535.00;0.06;0.93;0.53;154.50;270.89;69.49;236.72;0.65;1.77;0.24;7.28;0.08
SOIL_11741;319.00;374.00;414.00;452.00;508.00;287.00;342.00;392.00;445.00;511.00;306.00;354.00;401.00;458.00;526.00;313.00;354.00;390.00;454.00;531.00;322.00;361.00;400.00;453.00;528.00;0.07;0.99;0.50;143.94;298.36;63.00;252.99;0.57;1.99;0.24;8.31;0.10
SOIL_1176;339.00;403.00;449.00;489.00;547.00;291.00;346.00;397.00;455.00;521.00;308.00;357.00;404.00;457.00;521.00;314.00;380.00;488.00;536.00;599.00;318.00;380.00;439.00;502.00;558.00;0.09;2.05;0.54;151.84;243.27;64.63;213.86;0.71;3.76;0.23;16.25;3.71
SOIL_11761;351.00;404.00;446.00;489.00;542.00;297.00;357.00;409.00;466.00;526.00;316.00;362.00;405.00;458.00;523.00;319.00;394.00;486.00;526.00;570.00;325.00;391.00;455.00;508.00;558.00;0.09;1.33;0.45;119.33;276.88;88.29;251.82;0.47;2.96;0.22;13.44;1.21
SOIL_11762;345.00;398.00;442.00;484.00;537.00;298.00;356.00;409.00;467.00;526.00;313.00;359.00;402.00;457.00;522.00;318.00;369.00;458.00;511.00;562.00;318.00;381.00;444.00;501.00;553.00;0.08;1.36;0.48;127.51;271.42;80.07;243.15;0.52;2.85;0.22;12.83;1.47
SOIL_11767;346.00;401.00;444.00;485.00;539.00;298.00;358.00;412.00;470.00;527.00;315.00;362.00;404.00;456.00;520.00;317.00;367.00;459.00;512.00;566.00;322.00;384.00;446.00;501.00;553.00;0.11;1.92;0.50;135.29;262.75;76.02;234.53;0.58;3.87;0.23;17.10;3.61
SOIL_11769;351.00;405.00;449.00;492.00;546.00;299.00;359.00;414.00;471.00;529.00;317.00;364.00;409.00;460.00;523.00;324.00;386.00;471.00;518.00;568.00;328.00;393.00;456.00;509.00;559.00;0.10;1.46;0.47;123.93;270.58;80.93;243.03;0.51;3.11;0.22;14.18;2.24
SOIL_1176BIS;337.00;403.00;449.00;490.00;549.00;292.00;347.00;398.00;456.00;522.00;308.00;359.00;405.00;457.00;520.00;318.00;371.00;469.00;532.00;600.00;317.00;380.00;440.00;503.00;558.00;0.12;2.08;0.54;152.03;243.35;65.48;214.40;0.71;3.83;0.23;16.46;3.69
SOIL_11781;351.00;405.00;448.00;491.00;546.00;299.00;359.00;412.00;468.00;528.00;316.00;365.00;409.00;462.00;524.00;320.00;402.00;475.00;522.00;573.00;332.00;398.00;463.00;514.00;562.00;0.11;1.52;0.45;112.61;260.59;81.35;236.01;0.48;3.37;0.21;16.31;1.95
SOIL_1303;346.00;412.00;457.00;495.00;553.00;292.00;353.00;409.00;470.00;530.00;307.00;359.00;406.00;457.00;520.00;315.00;389.00;502.00;549.00;656.00;317.00;380.00;443.00;506.00;567.00;0.10;2.05;0.59;192.08;255.25;68.52;224.79;0.85;3.48;0.27;12.85;6.29
SOIL_1563;340.00;399.00;443.00;483.00;539.00;296.00;350.00;399.00;458.00;524.00;311.00;357.00;400.00;454.00;520.00;324.00;372.00;444.00;506.00;562.00;319.00;379.00;438.00;497.00;552.00;0.10;2.06;0.55;151.63;246.25;65.16;216.33;0.70;3.79;0.23;16.41;1.12
SOIL_1570;332.00;385.00;431.00;476.00;541.00;293.00;345.00;391.00;446.00;516.00;312.00;358.00;402.00;457.00;524.00;329.00;381.00;438.00;502.00;565.00;334.00;384.00;434.00;490.00;548.00;0.08;1.31;0.48;120.73;243.78;80.02;223.02;0.54;2.74;0.21;13.07;0.13
SOIL_1617;333.00;397.00;444.00;479.00;532.00;288.00;337.00;381.00;437.00;512.00;309.00;357.00;401.00;455.00;520.00;346.00;391.00;431.00;483.00;547.00;347.00;392.00;431.00;480.00;542.00;0.13;4.90;0.64;198.18;206.19;67.07;188.29;1.05;7.60;0.26;29.77;0.21
SOIL_1627;335.00;395.00;440.00;477.00;529.00;287.00;334.00;374.00;426.00;503.00;309.00;355.00;399.00;453.00;519.00;334.00;382.00;422.00;480.00;547.00;340.00;388.00;428.00;481.00;544.00;0.14;6.89;0.68;226.50;199.93;62.47;181.10;1.25;10.09;0.28;36.63;0.23
SOIL_17893;342.00;401.00;442.00;480.00;536.00;291.00;348.00;397.00;449.00;513.00;312.00;361.00;407.00;460.00;524.00;319.00;364.00;433.00;501.00;553.00;323.00;381.00;434.00;496.00;549.00;0.10;1.99;0.55;140.07;218.91;63.75;195.64;0.72;3.60;0.21;17.08;0.14
SOIL_17919;334.00;392.00;430.00;461.00;501.00;282.00;339.00;385.00;436.00;506.00;308.00;358.00;409.00;468.00;536.00;305.00;331.00;361.00;404.00;545.00;314.00;362.00;394.00;445.00;527.00;0.08;1.67;0.61;196.39;256.17;55.71;218.14;0.90;2.74;0.27;10.22;0.10
SOIL_17920;355.00;415.00;460.00;501.00;559.00;293.00;350.00;401.00;458.00;524.00;313.00;363.00;407.00;458.00;521.00;311.00;371.00;476.00;531.00;606.00;327.00;375.00;436.00;501.00;556.00;0.08;1.44;0.50;129.04;242.60;76.36;220.07;0.59;2.90;0.22;13.48;2.69
SOIL_17932;343.00;410.00;456.00;496.00;556.00;291.00;342.00;389.00;444.00;513.00;309.00;356.00;402.00;454.00;518.00;316.00;389.00;487.00;530.00;584.00;318.00;379.00;437.00;497.00;553.00;0.09;3.40;0.61;179.41;216.44;68.38;196.48;0.91;5.56;0.24;22.83;0.76
SOIL_17955;350.00;409.00;453.00;492.00;547.00;296.00;353.00;405.00;464.00;526.00;313.00;362.00;407.00;458.00;520.00;318.00;379.00;464.00;522.00;594.00;314.00;378.00;441.00;504.00;559.00;0.07;1.61;0.54;152.25;246.40;64.80;216.23;0.70;2.96;0.23;12.78;3.64
SOIL_17967;352.00;406.00;449.00;490.00;551.00;286.00;342.00;391.00;446.00;514.00;309.00;360.00;406.00;459.00;523.00;318.00;367.00;445.00;511.00;567.00;318.00;378.00;436.00;500.00;553.00;0.06;1.32;0.47;111.52;238.82;73.04;215.42;0.52;2.78;0.20;14.21;0.20
SOIL_17977;358.00;417.00;459.00;498.00;554.00;287.00;342.00;390.00;447.00;517.00;310.00;358.00;402.00;455.00;520.00;304.00;352.00;453.00;523.00;587.00;325.00;372.00;432.00;498.00;553.00;0.10;2.88;0.57;153.24;224.73;64.15;200.09;0.77;5.08;0.22;22.64;2.02
SOIL_17977BIS;359.00;418.00;460.00;498.00;554.00;288.00;343.00;391.00;447.00;517.00;312.00;361.00;404.00;457.00;520.00;301.00;361.00;489.00;535.00;593.00;325.00;372.00;431.00;497.00;552.00;0.10;2.91;0.57;154.35;222.92;65.96;199.82;0.77;5.12;0.23;22.68;2.04
SOIL_17981;352.00;413.00;461.00;504.00;563.00;294.00;353.00;404.00;461.00;525.00;317.00;368.00;411.00;460.00;520.00;323.00;389.00;483.00;531.00;591.00;324.00;388.00;448.00;507.00;564.00;0.10;1.84;0.52;144.03;240.34;82.43;221.89;0.65;3.51;0.23;15.38;2.40
SOIL_17983;341.00;403.00;447.00;485.00;541.00;286.00;338.00;383.00;439.00;511.00;307.00;355.00;401.00;455.00;520.00;305.00;359.00;486.00;533.00;590.00;327.00;370.00;424.00;487.00;546.00;0.08;3.99;0.63;191.79;214.18;59.84;189.96;1.01;6.30;0.25;25.07;1.90
SOIL_17986;357.00;415.00;459.00;500.00;556.00;296.00;356.00;407.00;464.00;526.00;314.00;367.00;410.00;460.00;522.00;321.00;386.00;465.00;522.00;586.00;318.00;382.00;446.00;507.00;560.00;0.07;1.28;0.48;117.33;243.72;72.65;218.76;0.54;2.68;0.20;13.16;3.66
SOIL_17988;355.00;414.00;460.00;502.00;563.00;289.00;345.00;393.00;448.00;516.00;314.00;363.00;407.00;459.00;522.00;323.00;383.00;477.00;528.00;582.00;325.00;382.00;440.00;503.00;557.00;0.08;1.92;0.52;126.17;213.42;74.68;197.89;0.64;3.71;0.20;18.36;0.23
SOIL_17996;356.00;416.00;462.00;505.00;563.00;295.00;354.00;403.00;459.00;524.00;320.00;370.00;413.00;462.00;522.00;317.00;378.00;481.00;531.00;583.00;322.00;383.00;445.00;505.00;559.00;0.07;1.25;0.47;117.19;239.21;83.46;221.67;0.53;2.66;0.21;12.89;1.60
SOIL_18000;350.00;406.00;448.00;485.00;539.00;291.00;345.00;395.00;451.00;517.00;310.00;359.00;404.00;456.00;520.00;302.00;353.00;462.00;530.00;711.00;325.00;370.00;427.00;493.00;547.00;0.07;1.98;0.55;147.15;239.59;61.03;209.12;0.70;3.60;0.22;16.19;3.49
SOIL_18022;355.00;416.00;459.00;497.00;554.00;288.00;347.00;398.00;456.00;523.00;309.00;361.00;407.00;459.00;525.00;317.00;416.00;508.00;559.00;645.00;317.00;380.00;441.00;506.00;562.00;0.09;2.18;0.56;154.95;238.08;63.19;209.26;0.74;3.93;0.23;16.99;4.48
SOIL_18053;320.00;376.00;421.00;462.00;522.00;287.00;339.00;385.00;436.00;505.00;309.00;357.00;401.00;457.00;524.00;319.00;357.00;393.00;468.00;545.00;315.00;366.00;407.00;464.00;533.00;0.05;1.14;0.54;151.92;255.39;63.81;222.20;0.68;2.11;0.23;9.02;0.09
SOIL_18063;321.00;377.00;419.00;460.00;516.00;288.00;343.00;390.00;443.00;510.00;309.00;358.00;404.00;459.00;525.00;322.00;360.00;400.00;479.00;546.00;316.00;368.00;410.00;469.00;537.00;0.05;1.29;0.54;152.22;249.78;71.97;222.78;0.68;2.41;0.24;10.24;0.10
SOIL_18078;313.00;371.00;418.00;460.00;517.00;286.00;338.00;385.00;436.00;505.00;307.00;356.00;401.00;456.00;524.00;321.00;375.00;429.00;494.00;561.00;319.00;371.00;415.00;471.00;539.00;0.05;0.87;0.54;155.94;256.58;68.21;225.58;0.69;1.61;0.24;6.69;0.07
SOIL_18079;325.00;380.00;423.00;464.00;524.00;285.00;340.00;388.00;439.00;507.00;307.00;353.00;398.00;454.00;523.00;321.00;363.00;412.00;481.00;549.00;314.00;368.00;414.00;473.00;538.00;0.06;0.87;0.49;142.06;291.92;70.00;252.30;0.56;1.77;0.24;7.41;0.09
SOIL_18154;334.00;393.00;436.00;472.00;522.00;294.00;349.00;400.00;455.00;518.00;311.00;360.00;406.00;459.00;523.00;308.00;351.00;409.00;498.00;560.00;316.00;372.00;424.00;486.00;545.00;0.13;3.55;0.61;187.20;240.27;59.96;209.00;0.90;5.85;0.26;22.88;2.47
SOIL_18201;333.00;392.00;434.00;469.00;520.00;293.00;349.00;399.00;453.00;517.00;311.00;360.00;405.00;457.00;521.00;311.00;352.00;399.00;487.00;550.00;315.00;372.00;426.00;487.00;546.00;0.11;3.28;0.60;190.84;251.75;66.40;221.04;0.86;5.45;0.26;20.68;1.90
SOIL_18201BIS;329.00;389.00;431.00;466.00;517.00;291.00;347.00;398.00;452.00;517.00;309.00;358.00;404.00;457.00;523.00;311.00;352.00;396.00;484.00;551.00;314.00;371.00;424.00;485.00;545.00;0.12;3.27;0.60;191.22;256.58;63.09;222.66;0.86;5.49;0.27;20.63;1.90
SOIL_18249;337.00;395.00;436.00;473.00;525.00;295.00;357.00;414.00;471.00;529.00;310.00;358.00;404.00;457.00;523.00;307.00;346.00;414.00;504.00;568.00;327.00;370.00;426.00;491.00;551.00;0.11;1.98;0.56;181.01;280.47;68.44;243.08;0.74;3.52;0.27;13.16;4.17
SOIL_18254;328.00;388.00;434.00;474.00;527.00;293.00;350.00;403.00;461.00;523.00;309.00;358.00;404.00;457.00;522.00;311.00;352.00;414.00;499.00;606.00;326.00;369.00;421.00;482.00;544.00;0.10;2.09;0.60;188.97;247.30;61.23;214.84;0.88;3.51;0.26;13.33;5.44
SOIL_18263;328.00;385.00;426.00;463.00;520.00;285.00;339.00;386.00;438.00;506.00;305.00;352.00;397.00;453.00;522.00;312.00;352.00;390.00;475.00;545.00;327.00;367.00;414.00;477.00;543.00;0.11;2.34;0.55;156.47;254.25;62.67;220.72;0.71;4.24;0.23;18.05;0.16
SOIL_18266;315.00;372.00;418.00;460.00;515.00;288.00;336.00;377.00;428.00;502.00;309.00;357.00;405.00;462.00;528.00;321.00;358.00;390.00;457.00;547.00;326.00;361.00;397.00;448.00;531.00;0.06;1.34;0.64;194.99;196.84;56.50;175.45;1.11;2.11;0.25;8.31;0.07
SOIL_18269;330.00;389.00;432.00;469.00;525.00;287.00;340.00;389.00;443.00;513.00;305.00;352.00;398.00;453.00;521.00;310.00;348.00;399.00;498.00;573.00;325.00;364.00;414.00;480.00;548.00;0.08;2.70;0.63;202.94;230.15;60.20;201.78;1.01;4.26;0.27;16.02;1.61
SOIL_18302;312.00;368.00;413.00;457.00;511.00;284.00;329.00;371.00;420.00;494.00;306.00;356.00;401.00;458.00;525.00;323.00;359.00;392.00;469.00;559.00;316.00;366.00;405.00;458.00;538.00;0.08;2.05;0.64;206.54;215.23;63.63;192.89;1.07;3.20;0.27;11.95;0.07
SOIL_18305;331.00;387.00;435.00;481.00;547.00;288.00;339.00;383.00;435.00;507.00;308.00;356.00;401.00;457.00;520.00;316.00;358.00;431.00;507.00;568.00;317.00;370.00;420.00;479.00;544.00;0.07;2.48;0.54;146.62;215.46;84.16;204.80;0.72;4.59;0.23;20.36;0.33
SOIL_18307;329.00;386.00;433.00;478.00;543.00;291.00;342.00;386.00;438.00;509.00;310.00;357.00;402.00;457.00;522.00;315.00;356.00;417.00;501.00;564.00;318.00;372.00;421.00;481.00;543.00;0.08;2.04;0.53;134.37;213.77;71.42;196.28;0.68;3.83;0.21;18.30;0.24
SOIL_18321;320.00;376.00;415.00;455.00;512.00;290.00;347.00;398.00;452.00;516.00;305.00;352.00;401.00;461.00;527.00;317.00;357.00;392.00;460.00;545.00;325.00;364.00;402.00;459.00;532.00;0.04;0.65;0.47;132.74;305.94;66.00;260.22;0.51;1.40;0.24;5.91;0.08
SOIL_18566;325.00;383.00;425.00;463.00;520.00;288.00;343.00;393.00;445.00;510.00;315.00;359.00;401.00;454.00;522.00;324.00;364.00;411.00;481.00;543.00;320.00;374.00;417.00;473.00;538.00;0.06;1.18;0.53;139.09;252.62;62.53;219.46;0.63;2.23;0.22;10.22;0.09
SOIL_18605;335.00;390.00;433.00;474.00;533.00;294.00;349.00;399.00;454.00;518.00;310.00;358.00;401.00;455.00;520.00;316.00;363.00;445.00;503.00;555.00;314.00;374.00;431.00;491.00;549.00;0.08;1.49;0.52;144.30;255.14;74.98;228.40;0.63;2.87;0.23;12.41;0.69
SOIL_18655;337.00;397.00;443.00;487.00;547.00;294.00;353.00;405.00;462.00;524.00;314.00;363.00;407.00;458.00;521.00;326.00;382.00;456.00;513.00;569.00;324.00;384.00;445.00;503.00;557.00;0.11;1.49;0.49;128.84;238.68;80.03;219.32;0.59;3.01;0.22;13.91;1.19
SOIL_18663;329.00;385.00;430.00;473.00;536.00;288.00;341.00;388.00;442.00;509.00;308.00;357.00;403.00;457.00;522.00;326.00;369.00;434.00;497.00;555.00;320.00;376.00;429.00;488.00;547.00;0.08;1.30;0.49;121.54;240.10;72.43;216.00;0.56;2.66;0.21;12.87;0.11
SOIL_18663BIS;324.00;380.00;425.00;468.00;531.00;285.00;340.00;389.00;444.00;512.00;307.00;357.00;404.00;460.00;525.00;324.00;368.00;424.00;492.00;553.00;325.00;378.00;430.00;489.00;548.00;0.08;1.27;0.47;119.53;252.62;77.38;227.94;0.52;2.69;0.21;12.77;0.12
SOIL_18664;304.00;384.00;434.00;483.00;546.00;296.00;360.00;416.00;477.00;531.00;317.00;368.00;410.00;459.00;520.00;323.00;396.00;481.00;526.00;581.00;324.00;387.00;451.00;507.00;564.00;0.28;1.68;0.50;152.27;246.37;80.52;225.19;0.68;3.34;0.25;13.34;2.60
SOIL_18667;312.00;370.00;416.00;460.00;523.00;285.00;338.00;385.00;437.00;506.00;304.00;353.00;399.00;456.00;524.00;322.00;376.00;423.00;490.00;555.00;323.00;375.00;415.00;470.00;540.00;0.06;1.03;0.52;134.68;233.14;73.22;211.40;0.64;2.00;0.22;9.24;0.08
SOIL_22241;331.00;388.00;432.00;474.00;536.00;295.00;350.00;401.00;455.00;519.00;312.00;359.00;404.00;459.00;524.00;317.00;362.00;433.00;501.00;556.00;316.00;373.00;428.00;489.00;547.00;0.08;1.12;0.49;128.30;252.39;79.43;228.94;0.56;2.31;0.22;10.55;0.30
SOIL_22242;336.00;392.00;435.00;474.00;534.00;293.00;348.00;397.00;451.00;516.00;312.00;359.00;403.00;456.00;522.00;321.00;368.00;435.00;497.00;551.00;316.00;375.00;432.00;491.00;549.00;0.06;1.45;0.53;146.36;250.52;72.25;223.48;0.65;2.74;0.23;11.91;0.40
SOIL_22243;333.00;389.00;432.00;473.00;537.00;292.00;345.00;395.00;447.00;514.00;311.00;357.00;403.00;456.00;523.00;317.00;362.00;446.00;506.00;558.00;318.00;376.00;429.00;488.00;546.00;0.07;1.18;0.50;128.12;243.70;73.17;219.04;0.58;2.36;0.21;11.09;0.11
SOIL_22244;331.00;386.00;430.00;472.00;536.00;289.00;345.00;393.00;447.00;513.00;310.00;356.00;401.00;456.00;523.00;316.00;378.00;442.00;503.00;560.00;321.00;378.00;433.00;492.00;549.00;0.06;1.04;0.48;124.84;258.94;76.05;231.78;0.54;2.17;0.22;10.01;0.12
SOIL_22249;328.00;384.00;424.00;461.00;515.00;294.00;349.00;401.00;454.00;517.00;309.00;355.00;400.00;455.00;523.00;307.00;344.00;381.00;469.00;537.00;321.00;362.00;407.00;473.00;538.00;0.07;1.57;0.54;166.12;284.75;68.31;246.12;0.67;2.90;0.25;11.41;0.67
SOIL_22299;303.00;364.00;410.00;453.00;513.00;285.00;340.00;389.00;441.00;512.00;307.00;358.00;404.00;462.00;529.00;310.00;363.00;395.00;446.00;528.00;317.00;367.00;403.00;451.00;528.00;0.08;1.06;0.54;160.53;249.87;65.12;218.94;0.73;1.96;0.24;7.99;0.08
SOIL_22305;313.00;371.00;415.00;455.00;508.00;287.00;338.00;385.00;437.00;507.00;305.00;355.00;401.00;459.00;526.00;326.00;361.00;395.00;452.00;537.00;318.00;366.00;402.00;451.00;531.00;0.07;1.58;0.58;172.07;239.95;68.71;213.77;0.80;2.73;0.25;11.04;0.10
SOIL_22334;330.00;387.00;427.00;465.00;524.00;290.00;345.00;397.00;450.00;516.00;307.00;353.00;399.00;456.00;524.00;307.00;346.00;386.00;472.00;540.00;319.00;359.00;403.00;468.00;539.00;0.07;1.47;0.53;158.87;285.11;66.03;245.08;0.65;2.77;0.25;11.14;0.46
SOIL_22703;314.00;369.00;414.00;458.00;520.00;285.00;336.00;381.00;432.00;504.00;307.00;356.00;400.00;457.00;526.00;313.00;368.00;415.00;494.00;587.00;322.00;371.00;408.00;457.00;532.00;0.05;1.00;0.51;136.46;253.03;61.14;218.96;0.62;1.94;0.22;8.80;0.10
SOIL_22704;315.00;372.00;419.00;462.00;524.00;286.00;338.00;384.00;438.00;508.00;305.00;353.00;399.00;455.00;524.00;328.00;366.00;415.00;494.00;571.00;322.00;372.00;414.00;470.00;542.00;0.06;1.40;0.52;137.64;256.42;64.38;223.28;0.62;2.71;0.22;12.27;0.15
SOIL_22705;327.00;383.00;427.00;468.00;528.00;284.00;338.00;386.00;438.00;507.00;304.00;351.00;395.00;450.00;521.00;325.00;370.00;429.00;508.00;595.00;322.00;375.00;423.00;483.00;548.00;0.08;1.15;0.46;109.95;266.20;63.13;229.67;0.48;2.51;0.20;12.61;0.15
SOIL_22705BIS;317.00;377.00;423.00;466.00;527.00;284.00;338.00;385.00;438.00;507.00;304.00;351.00;395.00;451.00;522.00;322.00;363.00;419.00;499.00;572.00;317.00;371.00;419.00;481.00;546.00;0.12;1.26;0.47;122.76;273.35;63.74;235.22;0.52;2.66;0.21;12.39;0.19
SOIL_22706;313.00;369.00;415.00;460.00;525.00;283.00;335.00;381.00;434.00;507.00;306.00;355.00;402.00;459.00;527.00;318.00;369.00;410.00;490.00;576.00;320.00;370.00;406.00;457.00;535.00;0.07;1.03;0.54;146.35;249.21;60.33;215.72;0.68;1.93;0.23;8.51;0.09
SOIL_22707;321.00;376.00;421.00;463.00;527.00;283.00;337.00;382.00;434.00;503.00;303.00;349.00;393.00;448.00;520.00;324.00;364.00;410.00;491.00;581.00;317.00;370.00;410.00;467.00;539.00;0.07;1.02;0.48;119.55;265.45;63.12;229.12;0.52;2.15;0.21;10.33;0.14
SOIL_22805;320.00;375.00;418.00;461.00;524.00;289.00;341.00;387.00;438.00;507.00;309.00;357.00;401.00;456.00;524.00;320.00;359.00;400.00;474.00;543.00;315.00;366.00;408.00;466.00;534.00;0.05;1.21;0.55;148.89;235.20;67.14;209.42;0.71;2.21;0.23;9.78;0.09
SOIL_22875;327.00;382.00;425.00;466.00;527.00;288.00;342.00;389.00;440.00;508.00;308.00;357.00;402.00;458.00;524.00;322.00;366.00;419.00;490.00;552.00;320.00;374.00;421.00;482.00;544.00;0.06;1.21;0.50;129.76;242.88;79.84;222.26;0.58;2.43;0.22;11.22;0.10
SOIL_22918;330.00;387.00;429.00;466.00;520.00;289.00;343.00;393.00;447.00;514.00;307.00;355.00;399.00;454.00;523.00;312.00;355.00;401.00;470.00;544.00;327.00;371.00;419.00;477.00;540.00;0.12;3.96;0.60;188.57;259.18;59.44;222.46;0.85;6.61;0.26;25.31;2.48
SOIL_22928;322.00;376.00;420.00;462.00;525.00;288.00;341.00;386.00;438.00;506.00;308.00;356.00;400.00;455.00;523.00;323.00;361.00;402.00;469.00;538.00;314.00;366.00;409.00;468.00;535.00;0.05;1.14;0.53;141.88;242.06;69.93;216.01;0.66;2.17;0.22;9.72;0.08
SOIL_22931;321.00;377.00;420.00;462.00;524.00;290.00;342.00;389.00;440.00;510.00;299.00;354.00;401.00;459.00;526.00;323.00;362.00;408.00;478.00;546.00;317.00;368.00;408.00;466.00;535.00;0.05;1.09;0.51;141.17;238.41;79.14;218.61;0.65;2.13;0.23;9.27;0.09
SOIL_23070;326.00;382.00;427.00;469.00;529.00;287.00;341.00;389.00;444.00;512.00;314.00;357.00;400.00;453.00;520.00;318.00;362.00;453.00;510.00;560.00;327.00;369.00;422.00;484.00;549.00;0.05;1.23;0.54;152.04;267.13;66.08;232.03;0.66;2.31;0.24;9.78;0.43
SOIL_23074;329.00;387.00;430.00;468.00;522.00;291.00;344.00;392.00;446.00;513.00;307.00;357.00;403.00;458.00;522.00;318.00;360.00;411.00;483.00;545.00;326.00;367.00;418.00;482.00;542.00;0.07;2.34;0.60;178.83;234.43;66.22;208.33;0.86;3.92;0.25;15.79;0.34
SOIL_23081;331.00;384.00;428.00;474.00;539.00;294.00;349.00;396.00;450.00;517.00;312.00;361.00;405.00;459.00;523.00;312.00;354.00;413.00;499.00;562.00;328.00;371.00;421.00;479.00;544.00;0.05;1.13;0.50;131.44;241.17;74.01;217.69;0.60;2.26;0.22;10.39;0.49
SOIL_23087;332.00;395.00;444.00;486.00;549.00;291.00;345.00;395.00;452.00;519.00;310.00;357.00;401.00;453.00;517.00;316.00;397.00;476.00;526.00;585.00;322.00;387.00;443.00;498.00;558.00;0.08;1.97;0.58;167.84;216.52;77.62;201.83;0.83;3.38;0.24;14.14;2.41
SOIL_23139;341.00;405.00;446.00;480.00;530.00;289.00;345.00;395.00;449.00;516.00;308.00;357.00;404.00;456.00;520.00;308.00;351.00;414.00;502.00;562.00;319.00;379.00;432.00;491.00;550.00;0.14;4.47;0.62;201.24;254.42;57.86;218.09;0.92;7.18;0.27;26.78;1.53
SOIL_23164;304.00;381.00;432.00;477.00;538.00;294.00;353.00;406.00;464.00;525.00;310.00;360.00;406.00;458.00;522.00;327.00;382.00;455.00;512.00;568.00;319.00;381.00;443.00;503.00;559.00;0.26;1.83;0.53;165.78;254.62;76.44;228.86;0.72;3.44;0.26;13.30;1.85
SOIL_23164BIS;343.00;400.00;443.00;484.00;540.00;296.00;353.00;404.00;462.00;523.00;314.00;361.00;405.00;457.00;520.00;320.00;371.00;465.00;519.00;572.00;321.00;381.00;442.00;502.00;558.00;0.07;1.59;0.54;145.77;243.82;69.43;217.00;0.67;2.97;0.23;13.13;1.82
SOIL_23166;336.00;394.00;439.00;481.00;540.00;292.00;351.00;403.00;460.00;522.00;311.00;360.00;405.00;458.00;523.00;317.00;368.00;472.00;520.00;569.00;322.00;380.00;438.00;496.00;552.00;0.11;1.36;0.48;128.55;262.59;75.06;233.87;0.55;2.82;0.22;12.74;1.02
SOIL_23184;334.00;388.00;430.00;471.00;530.00;294.00;351.00;401.00;456.00;520.00;310.00;357.00;400.00;454.00;521.00;313.00;359.00;435.00;504.00;566.00;323.00;367.00;426.00;490.00;548.00;0.07;1.16;0.50;141.88;270.55;76.89;240.70;0.59;2.32;0.23;9.89;1.53
SOIL_23187;339.00;393.00;435.00;477.00;536.00;296.00;353.00;404.00;460.00;522.00;313.00;358.00;401.00;456.00;523.00;315.00;361.00;447.00;513.00;569.00;327.00;372.00;431.00;494.00;550.00;0.06;0.92;0.47;131.10;280.23;82.67;251.04;0.52;1.95;0.23;8.50;1.18
SOIL_23195;319.00;375.00;418.00;461.00;525.00;286.00;339.00;386.00;439.00;508.00;307.00;354.00;399.00;454.00;523.00;326.00;366.00;419.00;486.00;549.00;315.00;369.00;417.00;477.00;539.00;0.06;1.15;0.51;133.51;247.49;70.13;220.07;0.61;2.26;0.22;10.40;0.09
SOIL_23207;328.00;384.00;425.00;464.00;523.00;292.00;347.00;398.00;450.00;515.00;309.00;355.00;401.00;457.00;524.00;317.00;359.00;409.00;489.00;547.00;317.00;373.00;420.00;481.00;541.00;0.07;1.19;0.48;133.03;284.29;73.48;248.75;0.53;2.47;0.23;10.81;0.14
SOIL_23234;335.00;395.00;438.00;477.00;533.00;293.00;349.00;399.00;454.00;519.00;310.00;359.00;405.00;459.00;523.00;308.00;348.00;402.00;498.00;566.00;328.00;371.00;425.00;487.00;545.00;0.10;2.28;0.56;155.05;244.62;59.41;211.85;0.73;4.08;0.23;17.71;2.57
SOIL_23294;325.00;380.00;423.00;465.00;526.00;286.00;338.00;385.00;436.00;505.00;307.00;356.00;401.00;457.00;524.00;324.00;363.00;412.00;484.00;553.00;319.00;371.00;417.00;476.00;543.00;0.08;1.69;0.52;138.26;246.06;73.85;221.15;0.63;3.27;0.22;14.76;0.13
SOIL_23298;329.00;385.00;427.00;467.00;530.00;290.00;346.00;395.00;448.00;514.00;309.00;356.00;400.00;456.00;524.00;317.00;360.00;415.00;487.00;545.00;326.00;368.00;418.00;479.00;540.00;0.07;1.17;0.49;121.55;248.52;66.89;218.97;0.56;2.39;0.21;11.58;0.13
SOIL_23576;310.00;373.00;424.00;464.00;513.00;281.00;332.00;377.00;430.00;501.00;303.00;353.00;400.00;456.00;524.00;319.00;353.00;373.00;403.00;517.00;324.00;367.00;398.00;434.00;510.00;0.14;3.11;0.62;198.44;249.52;62.22;217.02;0.91;5.05;0.27;18.89;0.16
SOIL_23686;323.00;382.00;424.00;464.00;525.00;289.00;344.00;394.00;447.00;512.00;307.00;355.00;402.00;458.00;525.00;324.00;366.00;420.00;492.00;554.00;315.00;370.00;416.00;476.00;540.00;0.06;1.17;0.52;140.86;242.32;72.85;217.86;0.65;2.24;0.22;10.02;0.10
SOIL_23694;320.00;377.00;419.00;459.00;519.00;287.00;343.00;393.00;446.00;512.00;307.00;355.00;400.00;456.00;524.00;318.00;360.00;417.00;494.00;549.00;317.00;372.00;418.00;478.00;540.00;0.07;1.10;0.51;142.40;263.84;72.16;233.12;0.61;2.16;0.23;9.33;0.10
SOIL_23700;337.00;395.00;439.00;481.00;541.00;287.00;342.00;389.00;442.00;511.00;309.00;356.00;401.00;455.00;523.00;316.00;361.00;439.00;507.00;562.00;320.00;377.00;430.00;488.00;548.00;0.09;1.53;0.47;126.24;278.74;77.59;247.05;0.51;3.24;0.22;14.62;0.16
SOIL_23762;322.00;377.00;419.00;460.00;519.00;288.00;342.00;388.00;440.00;507.00;308.00;355.00;400.00;454.00;523.00;317.00;355.00;396.00;476.00;548.00;323.00;361.00;403.00;464.00;535.00;0.06;1.32;0.56;157.91;240.96;62.80;211.13;0.75;2.35;0.23;10.10;0.10
SOIL_23762BIS;320.00;376.00;418.00;457.00;515.00;287.00;341.00;389.00;441.00;509.00;307.00;355.00;400.00;455.00;524.00;312.00;350.00;386.00;484.00;560.00;325.00;363.00;406.00;467.00;536.00;0.05;1.29;0.55;159.24;249.47;66.68;219.54;0.73;2.33;0.24;9.78;0.14
SOIL_23785;339.00;396.00;438.00;478.00;534.00;292.00;349.00;401.00;457.00;520.00;311.00;357.00;402.00;457.00;522.00;314.00;358.00;424.00;493.00;551.00;327.00;369.00;422.00;485.00;544.00;0.12;1.74;0.51;143.38;273.22;66.77;236.86;0.61;3.40;0.23;14.65;1.07
SOIL_23792;342.00;398.00;439.00;479.00;537.00;295.00;353.00;404.00;461.00;523.00;311.00;358.00;401.00;455.00;523.00;307.00;351.00;416.00;497.00;554.00;326.00;371.00;425.00;488.00;545.00;0.08;1.62;0.50;139.17;268.80;73.03;237.23;0.59;3.20;0.23;13.99;1.51
SOIL_23813;339.00;398.00;441.00;480.00;534.00;293.00;350.00;402.00;458.00;521.00;310.00;358.00;403.00;455.00;521.00;312.00;355.00;416.00;494.00;559.00;318.00;375.00;426.00;486.00;546.00;0.09;2.25;0.56;156.88;251.78;59.54;217.14;0.72;4.04;0.23;17.32;3.13
SOIL_23820;336.00;399.00;443.00;482.00;536.00;293.00;351.00;403.00;461.00;523.00;311.00;360.00;405.00;457.00;522.00;307.00;351.00;418.00;488.00;549.00;324.00;373.00;425.00;485.00;545.00;0.14;2.81;0.57;167.76;252.86;62.52;219.62;0.76;4.95;0.25;20.19;2.49
SOIL_24185;319.00;379.00;425.00;466.00;522.00;285.00;335.00;380.00;432.00;503.00;307.00;356.00;403.00;458.00;524.00;316.00;369.00;421.00;496.00;579.00;322.00;372.00;413.00;467.00;540.00;0.09;2.31;0.59;173.73;228.44;63.16;202.23;0.86;3.90;0.24;16.05;0.14
SOIL_24233;342.00;396.00;435.00;472.00;530.00;289.00;344.00;395.00;447.00;513.00;308.00;356.00;403.00;460.00;526.00;314.00;366.00;470.00;549.00;662.00;324.00;367.00;424.00;499.00;558.00;0.07;1.34;0.50;119.39;244.79;52.18;207.84;0.57;2.68;0.20;13.50;0.40
SOIL_24242;345.00;400.00;441.00;481.00;537.00;290.00;344.00;393.00;446.00;514.00;312.00;362.00;408.00;462.00;526.00;308.00;355.00;437.00;512.00;576.00;324.00;365.00;418.00;486.00;541.00;0.05;0.98;0.51;126.01;233.80;63.64;206.40;0.61;1.93;0.21;9.42;0.34
SOIL_24248;343.00;406.00;449.00;485.00;539.00;292.00;351.00;404.00;462.00;525.00;308.00;359.00;405.00;457.00;521.00;315.00;364.00;465.00;529.00;687.00;318.00;380.00;438.00;501.00;559.00;0.10;2.23;0.59;183.81;244.37;61.28;212.75;0.86;3.75;0.26;14.59;7.34
SOIL_24267;345.00;401.00;443.00;481.00;538.00;290.00;343.00;388.00;441.00;510.00;311.00;360.00;405.00;459.00;524.00;308.00;353.00;412.00;491.00;554.00;321.00;364.00;416.00;482.00;539.00;0.06;1.55;0.56;149.24;223.88;58.01;195.97;0.76;2.75;0.22;12.52;0.38
SOIL_24268;350.00;406.00;446.00;480.00;530.00;289.00;343.00;391.00;446.00;515.00;309.00;360.00;407.00;462.00;527.00;300.00;327.00;378.00;492.00;754.00;320.00;363.00;413.00;477.00;537.00;0.13;4.06;0.61;187.14;239.86;48.82;202.34;0.92;6.62;0.25;26.16;6.45
SOIL_24270;353.00;409.00;450.00;486.00;538.00;296.00;355.00;410.00;468.00;529.00;313.00;365.00;411.00;464.00;529.00;323.00;440.00;547.00;627.00;767.00;315.00;383.00;447.00;515.00;576.00;0.07;1.29;0.53;137.09;238.18;47.45;200.34;0.68;2.41;0.21;11.31;8.39
SOIL_24286;350.00;406.00;446.00;483.00;537.00;293.00;352.00;407.00;465.00;528.00;310.00;361.00;407.00;461.00;527.00;318.00;417.00;530.00;612.00;765.00;315.00;381.00;445.00;513.00;574.00;0.08;1.40;0.53;141.54;248.96;46.23;207.48;0.68;2.62;0.22;11.88;8.14
SOIL_24307;347.00;412.00;458.00;497.00;555.00;294.00;351.00;403.00;462.00;527.00;311.00;361.00;405.00;457.00;521.00;316.00;366.00;458.00;521.00;600.00;328.00;375.00;434.00;499.00;559.00;0.10;2.02;0.57;168.44;237.24;68.31;211.57;0.80;3.54;0.25;14.42;5.57
SOIL_24307BIS;348.00;412.00;456.00;495.00;552.00;293.00;350.00;402.00;462.00;526.00;311.00;360.00;405.00;456.00;520.00;312.00;375.00;486.00;541.00;645.00;314.00;376.00;434.00;498.00;558.00;0.07;2.02;0.57;169.65;237.47;67.96;211.54;0.80;3.52;0.25;14.36;5.58
SOIL_24309;359.00;419.00;462.00;502.00;559.00;287.00;348.00;399.00;457.00;524.00;311.00;363.00;407.00;458.00;522.00;313.00;378.00;491.00;546.00;649.00;313.00;377.00;442.00;506.00;560.00;0.12;1.81;0.49;130.06;260.13;69.93;229.14;0.57;3.67;0.22;16.77;3.36
SOIL_24310;353.00;415.00;459.00;497.00;550.00;300.00;359.00;415.00;474.00;531.00;314.00;366.00;411.00;460.00;523.00;324.00;435.00;508.00;563.00;720.00;320.00;389.00;451.00;512.00;570.00;0.06;1.44;0.56;155.81;224.74;65.09;200.64;0.78;2.56;0.23;11.13;6.99
SOIL_24318;352.00;410.00;453.00;493.00;549.00;295.00;353.00;407.00;466.00;528.00;314.00;364.00;408.00;459.00;523.00;306.00;362.00;477.00;551.00;803.00;324.00;370.00;430.00;498.00;556.00;0.06;1.13;0.50;128.49;253.75;63.55;220.86;0.58;2.28;0.22;10.57;5.34
SOIL_24334;342.00;405.00;448.00;484.00;533.00;290.00;348.00;403.00;463.00;527.00;306.00;358.00;406.00;460.00;524.00;310.00;361.00;444.00;535.00;800.00;324.00;367.00;421.00;491.00;556.00;0.09;1.63;0.57;186.60;284.60;54.81;238.30;0.78;2.85;0.27;10.52;9.68
SOIL_24349;325.00;381.00;425.00;464.00;516.00;286.00;337.00;382.00;433.00;503.00;308.00;357.00;403.00;458.00;525.00;321.00;359.00;392.00;447.00;539.00;327.00;364.00;400.00;451.00;530.00;0.05;1.37;0.63;191.55;215.95;61.07;191.96;1.00;2.18;0.25;8.61;0.06
SOIL_24351;349.00;405.00;448.00;489.00;546.00;297.00;356.00;408.00;465.00;526.00;314.00;362.00;406.00;458.00;522.00;313.00;389.00;489.00;535.00;595.00;316.00;382.00;443.00;504.00;556.00;0.07;1.31;0.51;134.28;246.10;65.02;216.14;0.62;2.56;0.22;11.76;2.05
SOIL_24352;335.00;395.00;433.00;472.00;525.00;294.00;339.00;397.00;434.00;506.00;311.00;339.00;403.00;445.00;515.00;308.00;347.00;395.00;489.00;573.00;325.00;367.00;421.00;480.00;542.00;0.11;4.71;0.66;229.75;236.33;58.41;205.25;1.12;7.14;0.29;24.69;5.21
SOIL_24352';358.00;407.00;446.00;479.00;529.00;344.00;383.00;423.00;468.00;524.00;343.00;384.00;426.00;471.00;528.00;313.00;352.00;408.00;483.00;562.00;323.00;367.00;420.00;480.00;541.00;1.40;3.85;0.58;193.69;246.28;54.50;210.25;0.92;6.66;0.28;24.09;5.29
SOIL_24375;324.00;384.00;425.00;463.00;520.00;287.00;341.00;389.00;441.00;508.00;306.00;355.00;401.00;457.00;524.00;306.00;349.00;398.00;477.00;544.00;321.00;363.00;409.00;473.00;535.00;0.06;1.28;0.53;140.67;244.07;64.60;214.42;0.66;2.43;0.22;11.00;0.16
SOIL_24400;334.00;391.00;431.00;469.00;528.00;289.00;342.00;391.00;442.00;509.00;310.00;357.00;403.00;459.00;525.00;309.00;352.00;398.00;476.00;545.00;322.00;363.00;410.00;475.00;538.00;0.05;1.16;0.54;143.21;236.28;57.76;204.84;0.70;2.12;0.22;9.74;0.18
SOIL_24412;347.00;413.00;456.00;494.00;549.00;291.00;347.00;395.00;452.00;520.00;312.00;360.00;405.00;457.00;521.00;311.00;360.00;460.00;522.00;588.00;327.00;372.00;431.00;496.00;553.00;0.10;3.06;0.60;176.56;213.54;63.87;191.80;0.92;5.06;0.24;20.88;3.44
SOIL_2573;329.00;390.00;433.00;470.00;524.00;292.00;345.00;395.00;451.00;517.00;309.00;357.00;404.00;458.00;522.00;307.00;348.00;393.00;489.00;550.00;326.00;372.00;425.00;489.00;547.00;0.15;4.11;0.62;191.97;228.30;57.59;198.95;0.96;6.59;0.26;25.79;1.45
SOIL_2580;329.00;393.00;442.00;483.00;543.00;289.00;340.00;387.00;443.00;513.00;305.00;354.00;399.00;453.00;519.00;320.00;370.00;453.00;516.00;579.00;325.00;371.00;431.00;494.00;553.00;0.10;2.93;0.62;192.51;223.74;68.43;201.83;0.95;4.75;0.26;18.34;2.06
SOIL_2601;333.00;390.00;432.00;470.00;527.00;292.00;348.00;397.00;452.00;517.00;309.00;358.00;401.00;456.00;522.00;311.00;353.00;399.00;482.00;542.00;313.00;368.00;418.00;480.00;540.00;0.12;2.95;0.58;164.74;237.05;63.91;208.92;0.79;5.11;0.24;21.59;1.06
SOIL_26301;313.00;373.00;416.00;455.00;511.00;281.00;339.00;389.00;440.00;508.00;304.00;353.00;399.00;456.00;526.00;320.00;359.00;393.00;460.00;545.00;318.00;370.00;408.00;459.00;534.00;0.09;0.98;0.53;156.73;275.31;63.16;236.32;0.66;1.85;0.24;7.56;0.08
SOIL_26302;323.00;379.00;428.00;469.00;515.00;294.00;345.00;398.00;458.00;525.00;308.00;355.00;404.00;462.00;532.00;300.00;314.00;379.00;549.00;828.00;319.00;358.00;402.00;462.00;541.00;0.05;2.10;0.67;258.71;247.58;47.87;207.41;1.25;3.11;0.32;9.76;7.10
SOIL_26303;354.00;414.00;458.00;497.00;553.00;297.00;355.00;407.00;466.00;528.00;315.00;366.00;409.00;459.00;524.00;307.00;367.00;493.00;548.00;791.00;326.00;373.00;435.00;501.00;558.00;0.08;1.44;0.53;141.28;231.14;62.17;203.63;0.69;2.70;0.22;12.27;5.10
SOIL_26303BIS;355.00;415.00;460.00;499.00;555.00;295.00;353.00;406.00;466.00;528.00;313.00;365.00;408.00;458.00;522.00;308.00;369.00;486.00;552.00;791.00;327.00;377.00;440.00;505.00;560.00;0.08;1.46;0.54;142.74;234.42;62.57;206.24;0.69;2.72;0.22;12.31;5.11
SOIL_2635;338.00;397.00;439.00;478.00;535.00;289.00;343.00;393.00;450.00;516.00;307.00;354.00;399.00;453.00;521.00;312.00;357.00;421.00;496.00;564.00;327.00;373.00;427.00;490.00;550.00;0.13;2.94;0.59;178.44;254.55;61.95;220.53;0.81;5.03;0.25;19.88;2.65
SOIL_2670;331.00;392.00;435.00;471.00;523.00;294.00;353.00;407.00;462.00;523.00;309.00;359.00;406.00;460.00;524.00;310.00;350.00;394.00;495.00;581.00;316.00;372.00;424.00;485.00;545.00;0.12;2.79;0.59;178.91;255.80;57.22;218.73;0.82;4.76;0.25;18.78;4.58
SOIL_2712;328.00;387.00;429.00;466.00;518.00;292.00;347.00;398.00;452.00;516.00;309.00;358.00;404.00;458.00;522.00;312.00;354.00;412.00;494.00;552.00;314.00;372.00;426.00;489.00;546.00;0.13;3.00;0.59;186.16;250.00;66.21;219.65;0.85;5.05;0.26;19.40;1.57
SOIL_2732;335.00;395.00;437.00;475.00;530.00;292.00;349.00;400.00;455.00;519.00;311.00;361.00;406.00;460.00;523.00;317.00;362.00;417.00;486.00;548.00;317.00;374.00;428.00;490.00;547.00;0.11;2.76;0.58;164.72;232.78;66.84;207.49;0.79;4.77;0.24;20.18;1.59
SOIL_2746;336.00;399.00;443.00;480.00;532.00;292.00;349.00;401.00;458.00;522.00;307.00;358.00;405.00;458.00;522.00;309.00;351.00;414.00;499.00;568.00;326.00;372.00;425.00;485.00;544.00;0.12;2.79;0.59;177.01;248.06;57.78;213.43;0.83;4.73;0.25;18.98;3.01
SOIL_2746BIS;335.00;398.00;441.00;479.00;532.00;292.00;349.00;401.00;458.00;522.00;308.00;359.00;405.00;459.00;523.00;314.00;354.00;408.00;491.00;559.00;316.00;373.00;426.00;485.00;544.00;0.13;2.81;0.58;174.46;252.11;60.90;218.15;0.80;4.85;0.25;19.39;3.00
SOIL_2753;331.00;389.00;431.00;468.00;522.00;289.00;347.00;399.00;454.00;519.00;307.00;356.00;401.00;456.00;522.00;310.00;354.00;409.00;491.00;549.00;327.00;372.00;425.00;487.00;545.00;0.13;2.53;0.55;168.34;268.66;71.72;236.37;0.71;4.56;0.25;18.09;0.90
SOIL_2822;339.00;398.00;440.00;478.00;534.00;289.00;343.00;393.00;449.00;517.00;308.00;356.00;401.00;455.00;522.00;305.00;345.00;412.00;511.00;571.00;326.00;370.00;425.00;488.00;549.00;0.11;3.21;0.61;184.55;237.48;59.43;206.67;0.89;5.30;0.25;20.95;2.34
SOIL_2919;339.00;395.00;440.00;484.00;544.00;293.00;351.00;400.00;457.00;520.00;314.00;364.00;407.00;460.00;522.00;322.00;375.00;467.00;521.00;574.00;327.00;385.00;447.00;504.00;558.00;0.08;1.51;0.49;128.51;244.43;78.99;222.91;0.58;3.04;0.22;14.12;0.69
SOIL_2939;336.00;396.00;440.00;479.00;538.00;293.00;352.00;404.00;460.00;522.00;309.00;361.00;407.00;461.00;526.00;311.00;353.00;397.00;487.00;559.00;320.00;376.00;430.00;493.00;550.00;0.12;2.16;0.53;136.19;240.05;52.87;204.79;0.67;4.05;0.21;19.11;3.00
SOIL_3018;316.00;375.00;421.00;460.00;510.00;287.00;340.00;387.00;441.00;512.00;306.00;356.00;401.00;459.00;527.00;321.00;359.00;392.00;456.00;542.00;318.00;369.00;407.00;458.00;536.00;0.07;1.72;0.60;187.74;248.73;58.88;214.54;0.88;2.89;0.26;11.04;0.11
SOIL_3095;330.00;389.00;432.00;467.00;518.00;293.00;351.00;403.00;459.00;520.00;311.00;359.00;405.00;457.00;522.00;309.00;350.00;402.00;494.00;564.00;316.00;373.00;427.00;488.00;546.00;0.13;2.99;0.60;189.43;256.56;58.39;219.96;0.86;5.01;0.26;19.05;4.54
SOIL_3109;333.00;392.00;433.00;469.00;520.00;293.00;350.00;403.00;458.00;520.00;310.00;359.00;405.00;460.00;524.00;309.00;351.00;398.00;488.00;554.00;315.00;372.00;424.00;484.00;543.00;0.12;2.85;0.58;172.99;257.77;59.71;221.59;0.78;4.95;0.25;19.86;3.35
SOIL_3231;340.00;395.00;433.00;471.00;532.00;290.00;347.00;402.00;459.00;523.00;305.00;349.00;393.00;452.00;523.00;300.00;333.00;383.00;469.00;549.00;317.00;360.00;409.00;472.00;535.00;0.12;1.73;0.49;153.60;345.34;60.90;285.95;0.54;3.53;0.26;13.55;1.96
SOIL_3303;331.00;388.00;432.00;473.00;531.00;291.00;345.00;394.00;450.00;516.00;309.00;358.00;405.00;460.00;523.00;324.00;373.00;439.00;501.00;559.00;317.00;374.00;431.00;492.00;549.00;0.08;1.76;0.55;158.65;245.23;72.78;219.93;0.72;3.19;0.24;13.35;0.63
SOIL_3341;339.00;395.00;435.00;472.00;531.00;290.00;347.00;399.00;455.00;519.00;307.00;352.00;396.00;453.00;523.00;305.00;350.00;402.00;481.00;548.00;324.00;368.00;420.00;481.00;540.00;0.14;2.14;0.50;153.52;324.92;63.83;272.78;0.56;4.26;0.25;16.79;1.35
SOIL_3366;329.00;385.00;427.00;467.00;529.00;291.00;347.00;396.00;450.00;515.00;311.00;359.00;401.00;455.00;522.00;320.00;364.00;423.00;489.00;547.00;315.00;372.00;424.00;484.00;544.00;0.08;1.54;0.52;148.96;268.08;74.85;237.74;0.63;2.98;0.24;12.49;0.39
SOIL_3533;328.00;388.00;432.00;471.00;527.00;293.00;351.00;403.00;460.00;523.00;310.00;359.00;403.00;458.00;523.00;311.00;352.00;401.00;489.00;552.00;315.00;374.00;427.00;488.00;546.00;0.16;2.43;0.56;169.77;258.02;64.19;224.33;0.76;4.35;0.25;17.28;2.09
SOIL_3547;331.00;390.00;434.00;472.00;527.00;293.00;350.00;402.00;459.00;520.00;310.00;359.00;404.00;456.00;522.00;311.00;352.00;402.00;494.00;557.00;318.00;375.00;428.00;487.00;545.00;0.11;2.41;0.57;175.28;257.99;64.53;224.50;0.78;4.21;0.25;16.59;2.42
SOIL_3547BIS;331.00;390.00;434.00;472.00;528.00;293.00;350.00;403.00;459.00;521.00;308.00;358.00;403.00;457.00;522.00;313.00;355.00;415.00;489.00;553.00;315.00;373.00;426.00;487.00;546.00;0.11;2.42;0.57;176.04;256.84;65.86;224.43;0.78;4.21;0.25;16.54;2.41
SOIL_3656;325.00;384.00;431.00;474.00;532.00;289.00;345.00;394.00;450.00;516.00;308.00;358.00;405.00;459.00;521.00;324.00;368.00;454.00;510.00;561.00;320.00;379.00;437.00;493.00;549.00;0.08;1.38;0.55;158.68;250.47;73.66;224.25;0.71;2.53;0.24;10.50;0.33
SOIL_3743;319.00;378.00;428.00;469.00;517.00;292.00;345.00;398.00;458.00;524.00;306.00;354.00;400.00;454.00;520.00;303.00;331.00;368.00;467.00;777.00;322.00;363.00;409.00;467.00;543.00;0.10;2.73;0.64;248.49;266.53;60.22;228.25;1.09;4.24;0.32;13.23;8.39
SOIL_4100;332.00;389.00;430.00;466.00;520.00;292.00;349.00;402.00;457.00;519.00;308.00;356.00;401.00;454.00;520.00;310.00;354.00;416.00;492.00;546.00;325.00;370.00;427.00;490.00;545.00;0.09;2.08;0.56;172.60;267.15;73.19;236.11;0.73;3.73;0.26;14.53;1.05
SOIL_4883;346.00;414.00;457.00;496.00;555.00;280.00;335.00;382.00;438.00;512.00;309.00;357.00;402.00;456.00;520.00;318.00;403.00;503.00;544.00;591.00;325.00;385.00;445.00;505.00;559.00;0.19;4.34;0.61;185.08;216.07;75.10;200.06;0.93;7.16;0.25;28.26;0.59
SOIL_5066;318.00;375.00;419.00;460.00;522.00;285.00;339.00;386.00;440.00;511.00;306.00;355.00;400.00;458.00;526.00;316.00;354.00;383.00;464.00;543.00;314.00;366.00;406.00;460.00;532.00;0.08;1.49;0.54;153.01;247.40;68.24;218.93;0.70;2.75;0.23;11.74;0.11
SOIL_5162;318.00;378.00;425.00;465.00;519.00;290.00;344.00;398.00;457.00;523.00;304.00;353.00;400.00;454.00;521.00;309.00;347.00;385.00;467.00;581.00;323.00;363.00;410.00;475.00;549.00;0.10;2.66;0.61;215.50;266.75;60.06;228.32;0.94;4.35;0.29;14.89;6.85
SOIL_5172;315.00;373.00;423.00;463.00;506.00;285.00;329.00;371.00;424.00;498.00;304.00;351.00;398.00;454.00;523.00;315.00;351.00;374.00;414.00;520.00;324.00;359.00;391.00;434.00;520.00;0.09;3.57;0.71;276.71;227.36;49.36;193.56;1.43;5.01;0.32;15.54;0.11
SOIL_5296;306.00;372.00;424.00;463.00;511.00;279.00;329.00;376.00;429.00;499.00;300.00;350.00;397.00;452.00;522.00;320.00;364.00;394.00;432.00;523.00;332.00;375.00;406.00;443.00;518.00;0.11;2.83;0.63;206.96;238.20;57.73;206.22;1.00;4.46;0.27;16.49;0.13
SOIL_5540;324.00;387.00;435.00;477.00;532.00;290.00;340.00;388.00;446.00;518.00;305.00;353.00;398.00;451.00;518.00;310.00;352.00;424.00;508.00;592.00;323.00;369.00;421.00;483.00;551.00;0.10;3.41;0.64;217.19;240.50;64.66;211.86;1.03;5.36;0.28;18.91;4.91
SOIL_5547;323.00;380.00;423.00;463.00;521.00;290.00;346.00;397.00;451.00;517.00;308.00;357.00;402.00;457.00;524.00;300.00;325.00;365.00;480.00;568.00;319.00;362.00;410.00;471.00;540.00;0.07;1.37;0.54;162.94;274.93;67.97;238.79;0.68;2.54;0.25;10.16;0.86
SOIL_5554;317.00;374.00;418.00;458.00;512.00;285.00;338.00;385.00;439.00;507.00;306.00;354.00;400.00;456.00;524.00;311.00;348.00;379.00;451.00;543.00;325.00;362.00;400.00;453.00;532.00;0.07;1.93;0.58;176.74;255.01;61.87;220.81;0.80;3.32;0.25;13.14;0.14
SOIL_5568;313.00;372.00;417.00;458.00;517.00;282.00;334.00;380.00;433.00;505.00;305.00;354.00;401.00;456.00;525.00;322.00;357.00;386.00;439.00;532.00;317.00;366.00;401.00;449.00;527.00;0.07;1.67;0.57;164.84;247.49;63.24;216.13;0.76;2.94;0.24;12.23;0.10
SOIL_5582;322.00;378.00;423.00;460.00;508.00;286.00;337.00;383.00;438.00;507.00;306.00;353.00;397.00;452.00;520.00;314.00;353.00;384.00;446.00;537.00;316.00;368.00;408.00;466.00;539.00;0.13;4.70;0.63;215.06;254.90;60.74;220.09;0.98;7.42;0.28;26.34;0.29
SOIL_5582BIS;321.00;377.00;422.00;460.00;508.00;286.00;337.00;383.00;438.00;506.00;306.00;353.00;397.00;452.00;520.00;310.00;346.00;377.00;453.00;541.00;316.00;366.00;407.00;465.00;538.00;0.14;4.68;0.64;216.35;251.06;58.64;216.10;1.00;7.32;0.28;26.04;0.30
SOIL_5639;310.00;370.00;416.00;457.00;516.00;277.00;334.00;383.00;438.00;508.00;301.00;353.00;401.00;460.00;527.00;316.00;369.00;422.00;516.00;670.00;323.00;372.00;412.00;466.00;542.00;0.07;0.98;0.54;143.52;243.70;56.64;209.60;0.68;1.82;0.22;8.25;0.13
SOIL_5653;313.00;374.00;421.00;461.00;515.00;284.00;337.00;383.00;437.00;506.00;305.00;357.00;404.00;462.00;528.00;324.00;363.00;404.00;491.00;600.00;322.00;371.00;408.00;456.00;536.00;0.04;1.14;0.58;144.69;200.03;51.93;175.15;0.83;1.97;0.21;9.53;0.11
SOIL_5795;320.00;378.00;421.00;462.00;525.00;286.00;340.00;386.00;439.00;507.00;307.00;355.00;400.00;457.00;524.00;322.00;361.00;400.00;464.00;541.00;316.00;367.00;407.00;460.00;532.00;0.06;1.40;0.55;151.68;240.28;68.01;213.62;0.71;2.55;0.23;11.12;0.10
SOIL_5810;318.00;375.00;418.00;458.00;517.00;285.00;337.00;383.00;436.00;506.00;305.00;353.00;399.00;457.00;525.00;312.00;351.00;378.00;441.00;540.00;317.00;367.00;404.00;455.00;528.00;0.07;1.50;0.54;151.46;248.67;65.80;218.45;0.69;2.75;0.23;11.89;0.10
SOIL_6003;310.00;369.00;419.00;461.00;515.00;280.00;327.00;370.00;424.00;499.00;301.00;350.00;397.00;453.00;521.00;319.00;356.00;388.00;459.00;549.00;317.00;368.00;410.00;462.00;536.00;0.16;4.43;0.60;191.62;265.11;61.34;227.86;0.84;7.39;0.27;27.84;0.20
SOIL_6301;334.00;388.00;428.00;469.00;531.00;297.00;359.00;418.00;475.00;531.00;308.00;349.00;394.00;452.00;524.00;311.00;355.00;434.00;517.00;764.00;321.00;364.00;424.00;492.00;552.00;0.05;0.65;0.45;146.38;384.15;73.50;321.38;0.46;1.47;0.27;5.37;2.29
SOIL_6336;335.00;390.00;432.00;471.00;532.00;289.00;344.00;395.00;450.00;515.00;307.00;353.00;399.00;454.00;522.00;311.00;355.00;413.00;487.00;544.00;324.00;366.00;420.00;482.00;542.00;0.07;1.35;0.51;149.30;284.68;73.16;248.85;0.60;2.64;0.24;10.86;0.46
SOIL_6406;333.00;387.00;429.00;471.00;536.00;291.00;349.00;401.00;457.00;522.00;307.00;354.00;400.00;458.00;525.00;320.00;375.00;475.00;531.00;586.00;327.00;373.00;433.00;500.00;559.00;0.07;0.98;0.46;134.77;307.55;73.21;265.51;0.51;2.11;0.24;8.74;0.46
SOIL_6925;322.00;378.00;422.00;464.00;528.00;286.00;343.00;395.00;450.00;516.00;303.00;349.00;395.00;455.00;524.00;316.00;359.00;413.00;500.00;565.00;316.00;370.00;415.00;479.00;544.00;0.08;1.07;0.44;126.66;323.21;74.86;277.83;0.46;2.42;0.24;10.21;0.15
SOIL_6961;321.00;377.00;420.00;462.00;524.00;286.00;343.00;394.00;448.00;515.00;304.00;350.00;395.00;454.00;524.00;317.00;358.00;405.00;490.00;560.00;317.00;371.00;415.00;478.00;542.00;0.10;1.34;0.46;131.52;314.32;67.45;267.14;0.49;2.90;0.24;12.30;0.18
SOIL_7010;340.00;397.00;440.00;481.00;538.00;293.00;351.00;403.00;459.00;521.00;310.00;358.00;403.00;456.00;521.00;314.00;364.00;454.00;512.00;565.00;317.00;379.00;437.00;497.00;552.00;0.08;1.55;0.51;142.38;268.74;71.87;236.51;0.60;3.03;0.23;13.15;1.58
SOIL_721;305.00;368.00;414.00;458.00;524.00;281.00;338.00;389.00;442.00;511.00;303.00;353.00;399.00;456.00;524.00;325.00;364.00;413.00;483.00;554.00;311.00;367.00;411.00;471.00;541.00;0.13;1.29;0.53;157.79;270.39;60.23;231.06;0.68;2.42;0.25;9.86;0.11
SOIL_7356;322.00;380.00;422.00;462.00;520.00;289.00;345.00;395.00;448.00;514.00;308.00;356.00;401.00;456.00;524.00;318.00;359.00;411.00;497.00;563.00;316.00;370.00;417.00;478.00;542.00;0.06;1.14;0.53;151.33;260.62;69.04;228.99;0.66;2.15;0.24;9.09;0.13
SOIL_791;317.00;380.00;427.00;471.00;549.00;285.00;341.00;389.00;442.00;511.00;307.00;357.00;405.00;461.00;527.00;348.00;445.00;534.00;574.00;702.00;339.00;394.00;449.00;516.00;571.00;0.07;1.32;0.56;104.46;157.48;39.21;136.93;0.76;2.34;0.15;15.21;0.22
SOIL_791';323.00;385.00;431.00;473.00;545.00;288.00;341.00;386.00;437.00;505.00;310.00;360.00;405.00;461.00;527.00;349.00;436.00;525.00;566.00;684.00;340.00;393.00;446.00;514.00;570.00;0.05;1.25;0.58;104.10;138.76;41.53;124.65;0.84;2.16;0.15;14.53;0.19
SOIL_863;314.00;375.00;420.00;466.00;541.00;287.00;343.00;393.00;447.00;514.00;306.00;355.00;401.00;458.00;526.00;323.00;393.00;495.00;555.00;635.00;323.00;378.00;431.00;495.00;560.00;0.06;0.86;0.51;117.09;216.76;54.44;188.75;0.62;1.69;0.19;8.81;0.13
SOIL_9134;306.00;371.00;420.00;460.00;518.00;278.00;335.00;384.00;438.00;507.00;300.00;353.00;401.00;460.00;527.00;318.00;364.00;399.00;467.00;569.00;324.00;372.00;407.00;452.00;531.00;0.07;0.94;0.54;150.70;257.80;55.20;219.04;0.69;1.74;0.23;7.50;0.09
SOIL_9134BIS;306.00;372.00;420.00;461.00;516.00;279.00;335.00;384.00;438.00;508.00;300.00;354.00;402.00;460.00;526.00;317.00;367.00;404.00;482.00;584.00;325.00;372.00;406.00;451.00;531.00;0.07;1.03;0.55;150.71;247.95;60.43;214.86;0.70;1.89;0.23;8.24;0.09
SOIL_9149;303.00;369.00;418.00;459.00;516.00;277.00;334.00;385.00;441.00;511.00;300.00;353.00;403.00;462.00;528.00;321.00;370.00;411.00;482.00;576.00;321.00;369.00;404.00;452.00;532.00;0.07;0.78;0.53;149.62;260.66;58.36;222.92;0.67;1.46;0.23;6.25;0.08
SOIL_9248;314.00;374.00;417.00;460.00;525.00;286.00;341.00;391.00;445.00;513.00;304.00;348.00;393.00;452.00;524.00;322.00;361.00;399.00;470.00;550.00;314.00;369.00;410.00;469.00;537.00;0.10;0.82;0.43;127.64;342.36;63.36;285.20;0.45;1.90;0.24;7.80;0.13
SOIL_9249;318.00;375.00;419.00;462.00;528.00;285.00;341.00;390.00;444.00;512.00;303.00;348.00;393.00;453.00;524.00;320.00;363.00;408.00;486.00;570.00;327.00;367.00;410.00;470.00;539.00;0.07;0.84;0.43;117.99;325.68;57.81;269.89;0.44;1.92;0.23;8.55;0.13
SOIL_9255;311.00;370.00;415.00;458.00;524.00;286.00;343.00;391.00;444.00;512.00;305.00;351.00;396.00;454.00;525.00;321.00;360.00;401.00;475.00;569.00;327.00;365.00;404.00;457.00;532.00;0.07;0.84;0.49;145.15;293.75;67.23;252.06;0.58;1.71;0.24;7.00;0.11
SOIL_9281;313.00;371.00;417.00;461.00;531.00;286.00;340.00;386.00;441.00;511.00;305.00;356.00;406.00;459.00;527.00;320.00;370.00;416.00;495.00;569.00;318.00;368.00;405.00;457.00;535.00;0.04;0.59;0.49;127.45;249.41;61.04;216.27;0.59;1.19;0.21;5.59;0.06
SOIL_9343;327.00;384.00;432.00;471.00;523.00;288.00;336.00;381.00;438.00;514.00;302.00;349.00;396.00;453.00;522.00;300.00;315.00;353.00;450.00;594.00;320.00;358.00;399.00;460.00;537.00;0.13;5.16;0.66;234.25;244.90;52.93;208.36;1.12;7.81;0.29;26.56;4.26
SOIL_9365;329.00;383.00;424.00;462.00;525.00;289.00;345.00;398.00;452.00;519.00;305.00;350.00;394.00;453.00;524.00;300.00;325.00;352.00;411.00;546.00;324.00;362.00;403.00;462.00;535.00;0.10;1.88;0.54;156.04;271.18;57.28;229.95;0.68;3.47;0.24;14.54;0.91
SOIL_9366;329.00;388.00;432.00;470.00;525.00;289.00;342.00;393.00;449.00;518.00;305.00;353.00;399.00;455.00;523.00;307.00;340.00;377.00;485.00;612.00;324.00;362.00;408.00;471.00;541.00;0.13;4.30;0.62;197.50;250.58;52.25;212.10;0.93;6.93;0.26;26.25;4.64
SOIL_9371;327.00;382.00;424.00;463.00;524.00;289.00;345.00;395.00;450.00;517.00;303.00;349.00;393.00;452.00;524.00;301.00;330.00;369.00;451.00;548.00;322.00;360.00;402.00;460.00;531.00;0.11;2.25;0.56;164.81;272.99;53.24;228.96;0.72;4.02;0.24;16.44;1.93
SOIL_9409;331.00;380.00;419.00;459.00;517.00;288.00;343.00;393.00;446.00;517.00;304.00;348.00;392.00;452.00;525.00;300.00;319.00;352.00;424.00;748.00;315.00;355.00;390.00;438.00;521.00;0.14;2.11;0.54;178.64;337.53;52.87;275.69;0.65;3.94;0.28;14.26;2.34
SOIL_9411;313.00;365.00;413.00;456.00;511.00;286.00;334.00;382.00;437.00;511.00;301.00;344.00;389.00;448.00;520.00;300.00;316.00;352.00;379.00;532.00;320.00;357.00;390.00;438.00;519.00;0.20;5.99;0.63;237.48;291.59;58.84;245.69;0.97;9.47;0.31;30.41;2.67
SOIL_966;342.00;406.00;451.00;490.00;547.00;299.00;363.00;420.00;478.00;533.00;310.00;364.00;409.00;459.00;523.00;320.00;378.00;461.00;530.00;756.00;317.00;379.00;441.00;506.00;565.00;0.10;1.35;0.52;152.48;270.35;61.39;231.70;0.66;2.58;0.24;10.64;8.06
SOIL_9664;316.00;370.00;416.00;457.00;513.00;283.00;333.00;377.00;430.00;503.00;302.00;350.00;394.00;451.00;523.00;311.00;348.00;372.00;415.00;531.00;323.00;360.00;392.00;434.00;514.00;0.07;2.11;0.61;192.38;253.68;56.05;216.52;0.89;3.48;0.26;13.21;0.13
SOIL_9666;323.00;379.00;421.00;461.00;520.00;287.00;341.00;392.00;448.00;517.00;310.00;364.00;416.00;471.00;528.00;311.00;350.00;381.00;437.00;548.00;314.00;365.00;404.00;455.00;534.00;0.15;3.17;0.54;167.61;280.17;71.91;244.85;0.68;5.81;0.26;22.76;0.42
SOIL_9666BIS;324.00;379.00;422.00;462.00;520.00;286.00;339.00;388.00;442.00;512.00;304.00;351.00;395.00;452.00;523.00;304.00;336.00;368.00;435.00;534.00;324.00;361.00;400.00;452.00;530.00;0.13;3.34;0.59;180.74;264.28;55.57;223.96;0.81;5.70;0.26;22.30;0.39
