Analyse;T10_HC_PYR;T30_HC_PYR;T50_HC_PYR;T70_HC_PYR;T90_HC_PYR;T10_CO2_PYR;T30_CO2_PYR;T50_CO2_PYR;T70_CO2_PYR;T90_CO2_PYR;T10_CO_PYR;T30_CO_PYR;T50_CO_PYR;T70_CO_PYR;T90_CO_PYR;T10_CO_OX;T30_CO_OX;T50_CO_OX;T70_CO_OX;T90_CO_OX;T10_CO2_OX;T30_CO2_OX;T50_CO2_OX;T70_CO2_OX;T90_CO2_OX;PseudoS1;S2;S2_PC;HI;OI;OICO;OIre6;HI_OIre6;PC;PC_TOCre6;TOCre6;MINC;
SOIL_10044;323.04;369.04;411.71;454.83;510.26;276.10;331.47;382.76;437.76;513.52;299.23;344.75;388.05;444.11;517.81;339.25;380.74;410.00;441.75;505.76;368.51;413.02;445.77;485.20;553.96;0.14;4.03;0.68;217.13;190.98;58.52;172.33;1.26;5.95;0.27;22.42;1.40;
SOIL_10048;324.96;376.29;416.70;454.80;510.16;278.62;337.70;391.78;447.88;517.79;299.94;347.90;392.86;448.96;521.01;351.60;396.95;428.97;473.57;558.32;374.42;420.93;456.53;501.41;565.54;0.13;2.78;0.66;186.70;177.31;55.19;160.49;1.16;4.24;0.24;17.98;1.68; INFORMATION:
SOIL_10091;329.08;382.98;424.37;461.64;514.09;280.97;340.39;394.74;451.53;520.03;303.97;351.20;395.80;451.00;521.17;359.04;405.94;441.44;495.76;576.34;378.11;424.95;460.82;507.78;568.22;0.14;3.13;0.68;199.58;169.47;53.78;153.99;1.30;4.60;0.24;18.93;2.33;
SOIL_10099;325.54;375.78;418.52;458.73;510.39;280.48;337.37;389.27;445.25;515.31;306.14;351.51;394.61;450.11;520.18;354.04;398.63;429.69;472.65;560.00;375.47;421.03;455.20;499.39;563.96;0.14;5.03;0.72;229.08;159.21;52.29;145.67;1.57;6.97;0.26;26.49;1.87; V1.7R5
SOIL_10149;317.37;373.27;418.52;461.71;516.93;273.07;333.96;385.64;441.33;510.91;300.28;349.61;395.23;450.42;520.18;397.89;446.80;486.63;537.20;595.10;397.89;445.46;481.94;524.80;576.34;0.11;1.05;0.47;102.46;190.63;82.82;185.96;0.55;2.22;0.18;12.34;0.10;
SOIL_10161;310.17;357.59;403.20;450.11;504.18;275.99;331.08;381.27;436.67;512.92;300.03;348.40;395.28;452.74;522.73;352.34;394.53;422.78;457.45;538.60;371.05;415.21;448.45;490.61;558.91;0.08;3.45;0.73;232.64;149.88;50.24;137.71;1.69;4.72;0.26;17.91;1.60; V2.0
SOIL_10163;327.24;373.21;413.40;455.62;511.61;279.54;336.92;387.75;442.23;515.94;303.04;350.52;393.18;448.09;519.77;350.64;394.95;425.36;463.88;540.20;373.79;419.69;453.77;494.65;559.60;0.11;3.39;0.69;219.21;172.62;61.45;160.66;1.36;4.92;0.26;18.67;2.06; et al,2021
SOIL_10164;305.04;349.31;395.34;444.51;499.66;273.27;326.35;375.56;430.72;508.90;293.88;343.40;391.08;449.26;521.90;350.96;394.95;424.02;460.82;550.10;370.42;415.73;450.10;493.03;561.29;0.11;4.40;0.74;241.14;152.54;50.10;139.57;1.73;5.98;0.27;22.02;1.81; https://doi.org/10.5194/gmd-14-3879-2021
SOIL_10180;324.04;375.15;417.37;457.20;511.35;279.05;336.40;390.30;446.55;517.34;302.56;349.86;393.99;449.76;520.65;355.42;400.83;433.40;479.59;564.95;377.16;422.99;457.86;503.03;566.24;0.15;4.35;0.70;212.53;162.71;54.06;149.22;1.42;6.22;0.25;24.71;1.80;
SOIL_10228;323.12;373.98;414.32;452.27;501.54;278.17;338.17;389.19;443.05;510.83;306.93;357.78;403.09;457.63;523.97;384.84;431.34;469.18;524.80;588.63;386.84;431.65;465.20;510.10;569.90;0.05;0.98;0.58;132.91;155.23;69.57;152.65;0.87;1.70;0.19;8.93;0.06;
SOIL_10274;330.42;386.18;427.87;465.36;518.13;283.11;341.19;394.80;450.32;517.01;307.21;356.90;401.77;455.70;523.09;360.42;408.85;448.04;509.39;576.63;380.11;427.63;467.14;518.40;572.28;0.16;4.26;0.68;192.11;153.05;57.01;143.88;1.34;6.25;0.23;26.82;1.46;
SOIL_1029;366.67;422.83;465.59;504.80;555.97;286.64;353.40;407.28;466.12;528.41;317.01;370.43;414.85;462.88;521.82;389.47;460.41;523.80;572.67;627.38;387.79;445.05;496.77;547.20;585.29;0.17;1.17;0.51;110.25;178.69;74.31;172.42;0.64;2.29;0.18;12.83;4.34;
SOIL_10300;318.91;370.79;419.25;466.28;520.70;280.31;331.25;377.30;431.36;508.17;302.79;352.93;398.36;452.30;519.58;364.79;409.89;445.46;497.07;582.65;369.15;414.38;451.12;501.01;566.24;0.14;10.48;0.80;292.38;119.80;47.18;114.09;2.56;13.07;0.30;43.27;5.35;
SOIL_10332;315.11;363.80;408.76;453.14;505.40;279.05;334.90;385.80;443.10;517.34;301.86;348.78;393.34;449.47;520.52;357.45;404.27;438.04;490.00;595.49;374.84;420.62;454.80;499.70;562.97;0.09;3.41;0.73;234.73;148.93;54.03;139.19;1.69;4.68;0.27;17.53;2.71;
SOIL_10332BIS;320.05;368.66;413.65;456.94;509.01;280.88;337.26;387.78;444.54;517.24;303.38;350.85;395.34;450.98;521.06;356.81;402.50;435.46;484.29;579.70;374.84;420.62;455.10;500.40;563.66;0.08;3.34;0.73;231.71;146.72;56.25;138.85;1.67;4.60;0.26;17.41;2.71;
SOIL_10333;322.90;366.48;408.49;454.46;506.97;283.70;337.73;386.15;442.10;516.82;304.28;352.11;397.36;453.96;522.23;356.81;402.92;433.71;473.88;553.27;371.68;418.02;453.77;498.38;563.96;0.05;2.30;0.74;241.85;138.58;55.42;132.45;1.83;3.10;0.27;11.47;2.33;
SOIL_10334;318.55;367.08;409.89;453.80;507.00;278.80;333.99;383.79;440.00;514.61;301.10;350.05;395.63;452.19;521.66;359.04;405.21;437.42;482.24;561.98;373.79;419.58;454.49;498.69;563.27;0.07;2.77;0.72;221.99;144.86;56.19;137.46;1.61;3.85;0.26;15.07;1.53;
SOIL_10336;319.83;365.74;407.85;452.72;507.18;280.14;334.79;383.04;438.80;513.72;302.62;351.10;395.96;452.19;521.30;359.68;404.58;436.08;478.27;560.00;372.84;418.64;453.47;497.37;562.38;0.06;2.58;0.73;231.21;141.93;54.27;134.23;1.72;3.52;0.26;13.44;1.61;
SOIL_10337;316.48;365.11;408.41;452.93;507.15;277.77;332.41;382.28;439.63;515.18;300.54;348.51;394.12;450.24;521.14;357.77;402.60;434.12;477.86;565.25;373.47;418.54;452.76;496.77;561.98;0.08;3.38;0.74;238.01;146.31;52.34;136.32;1.75;4.59;0.27;17.12;2.38;
SOIL_10491;316.73;364.92;408.74;452.14;505.98;277.45;333.30;384.71;441.51;516.30;298.13;344.48;390.11;447.85;520.57;356.06;401.25;432.68;474.90;558.22;373.47;420.00;454.69;496.97;562.28;0.11;3.44;0.71;226.92;166.86;56.70;153.75;1.48;4.88;0.27;18.31;2.87;
SOIL_1050;357.37;411.58;453.35;491.60;542.12;285.70;347.79;402.53;463.54;527.43;311.09;363.71;408.41;459.23;522.00;364.79;430.00;503.74;564.95;633.79;380.42;435.46;484.90;538.80;581.27;0.11;1.05;0.54;116.57;165.96;69.28;160.29;0.73;1.95;0.18;10.86;5.23;
SOIL_10520;336.98;385.26;425.95;466.15;518.49;284.39;344.56;396.04;452.14;517.94;312.23;361.94;407.26;460.77;524.03;391.16;445.77;501.41;554.26;607.65;387.47;437.11;480.92;531.10;579.70;0.08;0.87;0.52;110.53;161.58;74.06;159.83;0.69;1.65;0.17;9.47;0.09;
SOIL_10522;330.30;383.85;427.36;466.46;515.31;276.22;336.73;385.47;440.16;511.61;310.42;362.10;407.61;461.61;525.22;394.95;446.39;497.07;549.20;605.29;390.42;437.22;477.55;525.50;577.33;0.07;1.12;0.60;139.04;139.02;72.54;142.56;0.98;1.86;0.19;9.75;0.06;
SOIL_10535;329.55;387.18;433.97;476.13;527.51;286.24;342.93;394.15;452.61;521.01;310.31;360.24;407.50;460.63;522.08;395.58;460.10;518.40;566.93;621.07;390.84;443.40;490.91;538.50;582.65;0.12;2.42;0.65;171.39;142.55;72.92;145.35;1.18;3.71;0.22;17.06;0.70;
SOIL_10540;317.21;373.08;419.76;458.89;502.56;273.61;332.69;382.79;438.77;510.68;303.92;355.29;401.08;455.75;522.08;401.56;449.79;496.06;549.20;605.39;394.53;438.35;472.86;517.50;574.65;0.04;1.11;0.66;174.24;140.53;69.91;142.16;1.23;1.69;0.22;7.70;0.05;
SOIL_10639;340.52;392.67;434.72;475.24;528.36;285.58;346.96;400.70;459.76;523.53;310.61;360.44;405.00;456.52;520.75;388.74;451.12;511.00;558.61;607.65;388.53;441.03;490.30;538.50;582.35;0.10;0.99;0.53;117.11;167.84;76.85;165.98;0.71;1.86;0.18;10.23;0.68;
SOIL_10660;311.40;365.98;410.03;448.67;495.29;272.09;330.58;382.14;436.51;506.71;300.23;351.53;397.71;453.48;522.49;385.16;430.62;465.51;516.10;584.71;386.84;430.62;462.14;503.03;564.95;0.06;1.34;0.63;163.01;156.81;64.69;151.01;1.08;2.12;0.21;9.91;0.06;
SOIL_1071;348.87;398.41;436.53;472.71;522.83;282.85;342.90;393.05;448.49;515.18;311.40;361.58;406.99;459.74;523.38;374.42;440.41;504.44;559.60;611.67;382.42;433.71;479.29;532.10;579.01;0.07;0.85;0.53;110.05;161.00;67.26;155.53;0.71;1.59;0.17;9.32;0.13;
SOIL_10725;331.52;389.35;429.47;465.28;514.77;280.11;340.64;394.20;449.79;516.35;308.45;357.42;401.69;454.59;521.90;379.47;432.68;479.29;536.50;590.29;387.47;436.70;476.94;526.80;577.62;0.11;2.16;0.61;152.50;160.72;67.34;155.37;0.98;3.52;0.21;17.11;0.17;
SOIL_10742;333.66;390.46;430.64;465.94;513.83;284.19;343.37;398.54;453.64;517.63;308.85;358.49;404.49;457.36;522.03;370.74;424.54;473.98;531.80;586.27;384.11;434.74;477.76;528.50;577.62;0.13;2.41;0.63;165.88;173.69;61.51;161.47;1.03;3.83;0.22;17.53;1.13;
SOIL_10742BIS;331.44;389.00;429.65;464.70;512.16;283.42;342.13;397.63;453.03;517.08;308.45;357.73;403.58;456.20;521.40;370.00;424.33;473.98;532.50;586.96;383.79;434.43;477.55;528.40;577.72;0.13;2.39;0.63;165.04;176.79;60.44;163.11;1.01;3.82;0.22;17.51;1.14;
SOIL_10790;344.28;396.77;439.73;480.73;535.49;286.58;346.38;397.82;454.80;520.31;314.58;363.42;407.85;459.10;521.92;390.84;453.37;511.30;557.62;605.39;390.84;444.43;494.34;541.80;583.33;0.15;1.55;0.55;122.38;160.43;77.05;160.71;0.76;2.80;0.18;15.27;0.60;
SOIL_10810;325.07;381.79;426.08;463.59;513.78;280.48;337.34;388.78;446.68;514.90;304.90;355.56;402.12;456.20;520.88;380.11;438.04;496.06;550.79;603.33;381.47;432.37;478.88;531.80;579.31;0.09;2.18;0.68;183.59;141.94;59.79;137.39;1.34;3.21;0.22;14.36;0.82;
SOIL_10818;309.55;356.05;398.36;443.47;492.70;275.87;329.47;376.13;431.12;506.89;304.23;355.51;402.18;458.47;524.99;388.84;434.12;470.20;521.70;593.72;386.21;429.28;459.80;499.39;563.27;0.03;1.48;0.72;210.58;118.92;61.77;121.78;1.73;2.04;0.24;8.47;0.05;
SOIL_1085;355.62;415.36;460.90;502.30;557.29;284.22;346.08;398.36;456.60;523.48;315.31;366.64;410.54;458.79;519.14;397.58;464.80;522.40;569.90;623.40;392.53;449.07;500.71;548.20;585.98;0.17;1.66;0.57;128.46;159.91;75.23;159.29;0.81;2.92;0.19;15.60;3.02;
SOIL_1092;359.32;420.03;465.14;505.80;560.03;284.33;346.02;397.47;454.91;522.18;316.67;367.76;411.93;460.29;519.97;394.21;463.16;522.50;570.59;625.73;389.79;447.32;498.28;547.80;585.59;0.17;1.81;0.58;133.81;155.10;73.16;154.61;0.87;3.09;0.19;16.33;2.28;
SOIL_10961;335.93;385.74;427.28;468.58;523.66;280.20;342.32;394.85;451.56;517.16;307.72;357.32;403.33;456.86;521.48;394.95;456.84;514.50;560.59;608.04;393.16;446.08;494.65;541.80;583.63;0.14;0.93;0.48;103.41;187.02;84.98;184.57;0.56;1.94;0.18;10.86;0.12;
SOIL_10962;341.91;391.18;432.37;474.32;528.91;283.93;345.69;397.14;452.77;518.02;315.56;364.70;407.85;459.21;522.88;394.84;453.47;509.09;556.63;604.41;393.16;444.74;491.31;539.50;582.94;0.13;1.05;0.50;106.30;169.27;80.87;169.32;0.63;2.08;0.17;11.94;0.12;
SOIL_10966;346.41;399.89;442.65;482.54;533.89;287.92;352.96;410.16;470.58;528.96;313.55;363.74;407.98;457.65;521.32;384.84;450.41;511.70;560.89;618.04;387.79;442.06;492.32;540.50;582.65;0.12;1.20;0.54;121.62;173.11;71.77;166.91;0.73;2.21;0.19;11.90;2.28;
SOIL_10970;341.52;391.32;432.99;474.84;529.61;282.96;345.30;397.20;453.90;519.11;312.96;362.05;406.88;458.71;522.47;394.95;456.12;514.10;558.91;604.71;392.21;444.12;492.63;540.20;583.33;0.13;0.97;0.49;104.88;178.81;82.48;177.18;0.59;1.97;0.18;11.16;0.15;
SOIL_10983;346.16;398.03;439.25;479.53;534.02;284.93;345.64;396.95;452.64;518.20;314.94;363.44;407.20;459.58;523.06;397.58;456.84;511.70;557.92;605.00;395.89;448.04;495.35;541.50;584.02;0.12;1.14;0.52;115.34;168.85;82.26;169.81;0.68;2.18;0.18;11.97;0.11;
SOIL_1099;360.00;412.39;454.75;495.10;548.52;283.76;345.61;397.44;454.75;522.26;315.33;366.80;410.78;460.11;521.71;378.42;448.45;514.80;566.24;618.72;382.74;438.66;489.59;542.50;583.33;0.14;1.01;0.49;99.09;171.32;73.77;166.75;0.59;2.06;0.17;12.34;1.62;
SOIL_11030;361.07;414.45;456.57;495.52;546.27;287.92;350.74;404.25;462.53;526.10;316.82;368.58;412.87;461.45;522.21;377.16;449.07;517.40;567.23;620.39;382.74;438.35;490.61;542.80;582.94;0.12;1.11;0.54;115.90;163.77;67.04;157.42;0.74;2.05;0.18;11.63;2.33;
SOIL_11043;354.38;406.13;448.33;489.08;542.98;280.08;343.65;395.39;453.11;521.17;315.31;366.77;411.53;461.64;523.32;386.11;454.49;520.40;570.99;623.40;383.79;437.11;485.61;539.20;583.04;0.13;0.77;0.47;97.85;172.82;83.59;173.46;0.56;1.63;0.17;9.55;0.55;
SOIL_11056;345.39;397.84;436.37;471.76;520.88;282.05;343.20;396.74;452.95;518.10;308.76;357.83;403.20;457.23;523.04;377.47;438.04;499.29;554.55;604.31;382.42;435.05;482.24;534.50;580.98;0.10;1.15;0.55;126.72;172.96;73.07;167.55;0.76;2.09;0.19;11.01;0.35;
SOIL_11059;367.16;423.73;465.96;506.19;560.36;279.02;343.34;394.74;451.50;521.40;317.54;369.32;412.57;461.66;521.97;373.47;439.69;514.40;568.91;624.37;382.11;438.35;490.30;543.80;582.65;0.17;1.42;0.54;117.67;163.84;74.48;161.72;0.73;2.64;0.18;14.65;1.71;
SOIL_11125;328.52;386.45;428.11;463.67;511.07;282.34;342.51;398.79;456.20;519.74;305.10;356.38;402.58;455.67;520.83;365.42;418.96;467.14;526.80;585.69;379.47;430.93;475.61;527.20;575.94;0.15;3.48;0.67;185.81;160.45;60.13;151.05;1.23;5.22;0.23;22.58;4.81;
SOIL_11125BIS;331.72;389.05;430.59;465.51;512.94;284.84;345.05;400.83;458.13;520.54;308.76;359.53;405.08;457.57;521.66;366.38;419.58;468.16;527.80;586.96;379.79;431.03;475.61;526.80;575.64;0.15;3.49;0.67;186.77;157.53;58.82;148.18;1.26;5.20;0.23;22.52;4.77;
SOIL_11222;367.13;424.24;467.76;507.28;558.09;293.26;360.77;416.76;475.89;532.80;322.98;376.18;419.46;465.62;523.06;392.84;460.51;521.40;570.30;624.76;388.42;444.43;496.67;547.10;585.98;0.15;1.10;0.54;126.00;174.10;76.72;170.46;0.74;2.04;0.19;10.59;5.66;
SOIL_11227;350.44;400.97;440.32;477.13;526.88;281.17;341.33;393.45;449.34;516.56;309.94;362.27;409.52;461.58;523.61;376.42;439.69;501.01;556.93;608.92;381.79;434.74;482.24;536.20;580.00;0.08;0.70;0.51;100.08;159.07;62.25;151.26;0.66;1.37;0.16;8.51;0.32;
SOIL_11229;366.72;422.91;467.65;509.30;561.62;284.19;352.82;407.34;465.46;528.96;318.91;372.64;415.39;461.21;521.87;389.79;460.82;525.20;573.37;628.74;387.79;443.09;496.36;546.50;585.29;0.19;1.18;0.51;108.22;174.99;75.50;170.41;0.64;2.31;0.18;13.18;2.95;
SOIL_11241;348.65;411.42;454.43;490.79;540.67;283.22;347.02;406.56;470.39;531.42;306.08;358.82;404.89;455.51;518.96;383.47;445.05;503.74;561.29;631.07;380.42;434.02;481.94;535.20;580.98;0.11;1.52;0.63;178.30;167.54;67.31;160.31;1.11;2.41;0.23;10.33;7.35;
SOIL_11266;336.01;398.22;442.68;479.82;527.82;283.48;339.83;391.27;448.59;516.38;308.06;359.34;406.83;459.29;521.27;371.79;427.01;476.33;530.10;599.31;379.16;431.65;477.55;525.80;574.65;0.11;3.64;0.71;205.14;142.61;54.04;134.59;1.52;5.12;0.24;21.39;5.68;
SOIL_1127;351.01;406.53;446.26;481.36;528.52;284.30;343.54;396.42;456.46;523.66;307.97;359.42;405.48;458.07;523.09;360.00;419.58;479.90;545.50;620.39;378.11;431.03;478.57;531.50;578.02;0.10;2.05;0.65;169.73;152.79;56.35;143.32;1.18;3.14;0.22;14.61;7.28;
SOIL_11277;351.70;410.24;455.38;496.86;551.19;285.18;345.22;396.33;452.72;520.70;315.67;366.80;411.85;461.24;521.27;395.58;464.18;522.50;569.60;621.75;390.11;447.01;497.07;545.90;585.29;0.17;1.75;0.58;130.83;156.24;73.79;155.79;0.84;3.03;0.19;16.16;1.20;
SOIL_11278;368.96;425.47;467.28;505.22;556.10;288.72;354.41;408.92;467.28;528.67;319.27;373.84;418.58;466.73;523.84;378.11;447.42;516.80;571.29;634.56;387.16;443.09;493.33;545.20;583.33;0.17;1.55;0.56;120.31;161.00;65.03;154.25;0.78;2.76;0.18;15.55;5.32;
SOIL_11330;316.82;377.46;424.99;463.75;513.44;274.76;330.72;382.82;440.37;511.28;302.45;353.86;401.59;456.86;522.67;377.16;425.98;462.86;511.10;574.36;387.79;435.77;474.59;522.50;575.94;0.22;7.73;0.71;207.39;145.50;57.98;138.95;1.49;10.93;0.24;45.00;0.25;
SOIL_11332;314.22;374.03;422.03;461.58;510.42;274.44;329.16;381.00;437.71;509.40;301.49;352.05;399.73;454.14;521.25;378.74;425.67;461.43;510.80;573.96;388.84;434.02;470.82;517.10;572.57;0.20;7.64;0.72;221.99;146.46;56.42;138.76;1.60;10.57;0.25;41.55;0.23;
SOIL_11338;329.69;389.76;432.88;469.60;519.27;279.08;336.04;389.27;446.68;514.92;305.07;352.77;398.84;453.11;520.34;369.36;421.65;467.86;525.80;581.96;385.16;434.43;477.24;526.80;576.34;0.19;5.68;0.70;205.90;153.80;55.19;143.39;1.44;8.08;0.24;33.30;1.03;
SOIL_11340;337.26;391.99;432.21;467.63;517.08;279.86;337.26;389.86;445.60;512.71;309.30;356.27;400.08;453.09;521.45;362.02;412.29;453.16;512.40;574.65;381.47;429.28;469.90;521.10;573.96;0.17;4.28;0.67;186.86;163.47;58.79;152.49;1.23;6.39;0.23;27.63;0.27;
SOIL_11355;335.29;391.80;432.80;470.63;522.65;282.90;342.79;398.25;456.20;522.65;306.37;355.75;401.96;455.70;521.56;370.11;422.99;471.94;531.10;588.92;382.42;432.37;475.61;525.50;575.35;0.14;3.15;0.65;172.69;160.42;58.17;149.91;1.15;4.84;0.22;22.03;3.55;
SOIL_11367;322.42;382.33;425.65;463.22;513.65;280.94;337.37;391.99;448.33;515.89;305.38;355.01;401.10;455.22;521.84;373.05;425.67;471.84;529.10;585.29;386.42;435.36;476.63;525.50;575.94;0.17;3.91;0.66;185.35;169.44;61.88;158.59;1.17;5.92;0.23;25.44;0.69;
SOIL_11367BIS;321.31;381.17;424.53;462.01;512.42;279.45;336.20;390.83;447.72;515.13;302.79;352.77;399.38;453.56;520.60;371.79;424.33;470.20;528.10;584.02;385.47;434.74;475.92;525.50;575.64;0.17;3.91;0.66;186.32;171.53;61.83;160.08;1.16;5.93;0.23;25.33;0.68;
SOIL_11422;321.31;371.09;411.37;450.13;500.18;276.05;334.02;385.01;440.00;510.31;303.89;354.19;399.81;456.54;523.35;380.84;427.01;462.86;514.40;580.00;383.47;428.56;462.86;507.68;567.23;0.06;1.09;0.59;140.67;159.98;66.13;154.14;0.91;1.83;0.20;9.33;0.06;
SOIL_11426;328.13;379.37;419.89;458.31;508.07;279.45;340.52;392.96;447.56;514.04;309.38;356.82;400.54;455.07;521.69;384.21;434.43;478.57;534.20;590.69;386.95;434.12;472.24;520.40;574.95;0.08;1.17;0.56;131.32;172.67;70.01;165.59;0.79;2.07;0.19;10.74;0.08;
SOIL_11437;320.22;372.97;412.33;448.51;494.29;274.81;335.23;388.73;442.65;510.08;304.14;352.58;397.30;453.35;522.08;380.42;429.59;469.80;526.60;590.29;384.21;429.90;464.59;507.78;569.31;0.06;0.93;0.56;130.71;181.29;65.00;168.99;0.77;1.67;0.19;8.59;0.07;
SOIL_11500;362.43;419.46;461.05;499.37;552.89;282.45;343.01;393.77;451.42;521.77;313.97;365.08;409.33;459.47;522.78;364.47;425.57;493.64;555.94;616.37;377.79;432.68;482.65;536.80;579.60;0.16;1.84;0.58;129.28;158.52;65.75;152.86;0.85;3.18;0.19;17.17;2.50;
SOIL_11506;351.83;410.99;450.39;484.24;533.06;284.96;344.25;397.55;456.81;523.87;308.87;361.53;408.25;460.05;523.30;379.79;440.41;498.38;556.24;625.73;380.84;435.77;484.29;535.20;580.98;0.11;2.42;0.67;176.73;141.35;56.00;134.80;1.31;3.60;0.22;16.57;6.78;
SOIL_11515;357.32;417.67;461.48;500.50;553.59;287.35;348.65;401.53;460.92;526.13;315.70;366.99;411.18;460.92;522.36;382.84;447.11;504.04;558.61;617.74;384.21;440.41;488.27;539.50;581.96;0.14;1.67;0.58;138.32;159.06;72.32;157.01;0.88;2.87;0.20;14.62;4.96;
SOIL_11520;363.14;410.75;451.45;495.42;550.78;281.28;348.01;399.95;455.28;521.69;318.85;371.31;413.48;462.77;523.87;389.16;462.55;525.50;570.99;620.39;385.16;441.44;493.03;543.60;583.33;0.15;0.51;0.37;75.31;205.46;93.40;202.80;0.37;1.36;0.17;8.18;0.31;
SOIL_1155;356.49;409.22;452.01;491.88;545.59;282.93;345.91;396.44;454.17;521.66;317.21;367.46;411.37;461.61;522.75;384.42;454.18;522.40;573.37;627.47;383.47;437.73;487.96;541.10;583.63;0.12;0.94;0.51;105.86;163.33;76.56;162.54;0.65;1.83;0.17;10.69;0.67;
SOIL_11587;361.31;421.07;463.88;501.83;555.45;284.33;345.52;398.01;456.33;524.18;314.86;366.15;410.88;460.11;521.48;377.79;442.06;503.03;559.31;617.74;381.79;437.83;487.24;539.90;581.37;0.14;1.85;0.60;143.20;154.22;69.35;151.79;0.94;3.07;0.20;15.60;3.42;
SOIL_11604;340.28;395.36;438.11;477.24;530.03;287.32;347.87;402.31;461.69;524.60;311.28;362.46;407.74;458.97;522.39;379.79;439.69;499.70;554.55;613.72;384.53;437.42;485.31;535.20;580.59;0.10;1.61;0.60;147.20;158.49;71.02;155.85;0.94;2.68;0.20;13.23;2.96;
SOIL_11623;319.97;371.69;411.05;448.36;497.57;279.34;338.20;391.73;446.23;514.35;306.54;355.53;400.30;457.52;524.21;371.37;418.96;453.88;507.37;579.01;380.11;425.98;458.47;502.73;567.62;0.06;1.49;0.61;149.21;158.01;67.29;153.37;0.97;2.45;0.20;12.09;0.08;
SOIL_11701;319.11;373.13;414.26;451.79;498.98;274.15;336.32;389.43;444.24;512.14;304.03;354.77;400.78;455.54;522.49;390.84;438.04;475.31;524.10;585.59;390.53;436.39;469.90;510.40;569.31;0.04;0.88;0.59;133.58;152.21;66.73;148.83;0.90;1.49;0.19;7.94;0.05;
SOIL_11702;335.65;390.43;430.64;466.70;515.13;285.16;345.47;400.13;458.05;521.69;310.86;360.65;405.51;458.60;522.75;370.00;422.99;474.90;536.20;589.61;380.42;430.31;474.59;528.10;577.62;0.11;2.47;0.65;169.71;152.62;62.74;146.85;1.16;3.80;0.22;17.59;1.32;
SOIL_11716;321.64;374.99;415.39;452.74;499.66;277.31;338.81;391.75;446.34;513.33;308.20;357.73;402.47;455.49;523.09;388.21;438.76;480.92;533.20;593.04;388.84;436.08;471.84;515.10;571.98;0.05;0.80;0.57;132.33;162.57;71.69;159.20;0.83;1.40;0.19;7.29;0.05;
SOIL_11716BIS;314.97;368.69;409.46;446.71;494.06;272.43;333.68;386.99;441.94;510.91;300.54;350.88;396.12;452.08;522.28;386.21;436.08;477.96;529.10;587.65;386.21;433.40;469.39;513.40;570.30;0.05;0.81;0.56;133.64;169.16;74.94;165.85;0.81;1.44;0.20;7.32;0.05;
SOIL_11741;319.72;370.57;407.80;443.87;489.32;280.71;336.70;389.78;444.43;511.33;303.35;353.23;399.30;455.57;522.67;378.42;430.31;470.20;525.70;590.00;384.74;432.37;466.53;509.39;569.90;0.05;0.95;0.58;134.77;164.87;64.69;156.87;0.86;1.65;0.19;8.55;0.06;
SOIL_1176;350.63;411.47;455.59;493.93;546.35;287.81;345.25;394.90;453.43;521.14;313.83;363.22;407.71;458.79;520.00;386.11;450.41;509.09;563.27;620.39;384.84;440.31;490.30;541.20;582.35;0.12;2.04;0.62;146.08;145.98;63.01;142.18;1.03;3.27;0.19;16.88;3.62;
SOIL_11761;349.67;397.98;440.16;481.73;531.84;285.24;349.67;404.43;465.17;526.39;312.82;360.41;401.75;455.57;521.04;395.16;465.10;521.40;562.18;605.39;394.21;451.43;503.03;547.80;586.37;0.19;1.35;0.48;109.71;195.34;89.21;193.04;0.57;2.79;0.19;14.82;1.17;
SOIL_11762;346.96;397.73;439.52;479.58;527.69;289.20;352.90;409.62;469.45;528.75;312.68;360.44;405.30;458.23;523.32;388.11;452.45;513.00;558.61;603.04;391.16;445.77;496.67;544.90;585.00;0.14;1.23;0.51;114.22;183.53;79.74;179.04;0.64;2.41;0.18;13.02;1.42;
SOIL_11767;346.99;399.46;442.47;482.36;531.32;288.86;352.93;409.76;470.95;529.12;314.08;363.17;406.51;458.05;522.03;383.79;444.74;501.11;548.20;595.98;389.16;445.46;496.67;543.20;583.33;0.17;1.84;0.54;125.79;172.27;77.26;169.44;0.74;3.37;0.19;17.64;3.53;
SOIL_11769;349.45;401.77;444.61;485.42;534.79;286.78;351.59;409.33;469.84;528.80;312.40;361.83;407.18;458.63;521.77;390.11;458.88;516.80;560.30;606.08;392.21;450.10;503.03;547.90;585.98;0.18;1.36;0.50;112.52;188.73;80.04;183.00;0.61;2.71;0.19;14.64;2.20;
SOIL_1176BIS;342.93;404.22;448.89;487.98;540.93;281.51;339.20;390.03;449.92;519.79;304.85;355.64;401.59;454.20;518.15;382.42;446.39;506.06;560.89;618.43;382.11;437.42;487.96;539.80;581.67;0.13;2.03;0.61;146.69;153.77;65.40;149.21;0.98;3.32;0.20;16.72;3.67;
SOIL_11781;351.67;403.25;445.83;486.88;537.05;288.63;353.86;410.29;468.97;528.28;314.89;365.74;411.39;462.48;524.44;394.21;465.82;523.80;566.24;610.69;394.84;454.18;508.08;552.57;588.33;0.21;1.40;0.49;102.26;182.83;77.76;177.41;0.58;2.88;0.17;16.56;1.89;
SOIL_1303;360.60;421.36;464.17;500.57;551.65;292.35;353.73;409.14;470.11;530.91;315.14;366.37;411.26;460.45;520.10;389.79;456.84;519.10;571.58;635.05;384.84;440.00;491.62;543.50;584.31;0.13;1.96;0.66;183.12;155.20;66.58;150.92;1.21;2.99;0.23;12.96;6.41;
SOIL_1563;343.56;397.47;439.44;476.84;529.22;285.67;342.98;394.85;456.02;524.21;306.82;354.16;397.47;451.21;519.32;382.84;443.09;503.03;553.27;602.35;385.79;438.76;486.22;535.80;580.29;0.14;1.97;0.60;141.33;162.61;65.91;155.92;0.91;3.30;0.20;16.83;1.06;
SOIL_1570;343.04;391.64;434.61;476.13;533.39;287.29;344.12;390.59;447.00;517.63;315.28;362.08;404.25;457.76;523.06;401.56;452.76;502.02;552.87;610.29;398.84;446.70;487.96;534.50;580.00;0.11;1.22;0.52;110.52;159.78;81.13;162.56;0.68;2.34;0.18;13.34;0.12;
SOIL_1617;327.44;390.62;438.61;474.29;523.69;277.39;330.69;377.55;437.04;514.01;304.93;354.16;398.46;454.12;519.38;408.23;454.18;489.90;535.20;590.98;406.25;450.41;483.27;523.10;573.37;0.15;5.01;0.71;200.08;126.44;64.74;128.95;1.55;7.02;0.23;30.24;0.17;
SOIL_1627;328.77;388.45;435.97;472.74;523.17;276.93;328.77;372.72;427.52;506.42;304.59;353.40;396.82;452.03;518.28;403.23;450.71;488.57;535.20;591.67;400.21;446.39;480.92;524.10;575.64;0.16;7.07;0.75;227.90;120.93;62.10;123.43;1.85;9.48;0.25;37.49;0.18;
SOIL_17893;345.17;401.56;441.40;476.45;525.38;282.31;343.54;395.66;451.64;516.61;313.35;363.63;409.73;462.40;524.31;388.11;445.05;497.37;548.80;598.04;391.16;443.40;488.57;539.20;582.65;0.13;1.96;0.61;137.31;143.37;65.69;141.80;0.97;3.23;0.19;17.27;0.15;
SOIL_17919;335.57;390.46;428.16;459.37;496.15;271.83;333.41;385.01;438.35;508.62;304.34;355.70;402.88;459.37;524.52;378.11;421.96;454.18;506.06;579.70;386.53;428.66;459.08;501.01;568.32;0.06;1.75;0.70;200.60;144.42;58.10;138.24;1.45;2.52;0.24;10.56;0.06;
SOIL_17920;357.37;413.91;456.62;495.86;548.60;278.85;341.21;394.02;453.46;522.47;310.17;361.67;405.86;456.07;520.31;371.79;436.39;507.68;564.26;619.71;382.11;436.70;486.33;540.20;581.67;0.15;1.32;0.53;116.24;169.24;71.55;163.97;0.71;2.48;0.18;13.78;2.67;
SOIL_17932;341.21;408.76;454.88;494.71;551.34;279.71;334.76;383.41;440.40;512.60;306.37;355.86;402.28;454.88;517.53;392.53;454.80;511.70;562.28;618.04;387.79;441.34;490.61;539.50;582.35;0.16;3.51;0.68;180.05;138.69;67.88;139.65;1.29;5.20;0.22;23.58;0.71;
SOIL_17955;353.40;410.94;453.43;490.68;540.88;284.56;346.35;401.21;461.53;525.58;311.84;363.11;408.23;458.84;520.65;381.58;447.42;509.09;561.98;616.67;385.47;441.75;492.02;543.90;584.02;0.12;1.56;0.60;142.50;159.19;63.70;152.18;0.94;2.60;0.20;13.22;3.63;
SOIL_17967;353.92;407.71;448.70;488.87;544.59;276.82;337.87;388.92;445.57;514.74;308.06;360.36;406.64;458.86;522.96;383.79;444.74;504.75;560.89;614.71;387.16;440.72;488.98;541.20;583.63;0.16;1.22;0.51;101.88;165.50;71.66;161.31;0.63;2.40;0.17;14.52;0.16;
SOIL_17977;359.37;419.03;460.74;497.96;551.47;276.62;337.17;385.96;443.66;516.51;312.46;362.08;406.05;457.02;520.36;373.05;432.68;495.05;557.23;618.04;381.89;436.08;485.00;538.90;580.98;0.18;2.89;0.63;151.01;145.92;63.50;142.41;1.06;4.59;0.20;23.18;2.00;
SOIL_17977BIS;357.26;417.35;459.21;496.46;550.34;274.24;334.52;383.82;442.55;516.04;309.35;359.45;403.84;455.99;519.82;373.16;433.40;495.76;557.92;619.71;382.11;435.67;484.59;538.20;580.29;0.18;2.92;0.63;150.64;147.23;62.93;143.04;1.05;4.65;0.20;23.45;1.99;
SOIL_17981;357.04;416.81;463.43;505.56;559.74;287.29;350.66;401.85;459.63;525.66;320.81;371.42;414.66;463.43;521.43;391.47;458.16;517.40;566.93;622.72;387.79;443.71;494.65;543.50;584.31;0.18;1.68;0.56;129.72;161.75;82.51;164.78;0.79;3.01;0.19;15.65;2.40;
SOIL_17983;344.14;407.07;451.77;490.23;544.25;281.23;336.57;384.36;441.43;513.57;309.10;359.34;405.48;457.65;520.13;380.42;437.42;490.30;546.90;605.39;380.42;432.99;479.90;531.40;577.33;0.14;4.04;0.70;187.91;129.14;58.85;127.55;1.47;5.75;0.22;25.97;1.86;
SOIL_17986;359.15;414.32;457.28;497.83;549.69;285.01;349.50;403.04;461.53;525.58;315.53;367.32;410.59;459.95;521.25;386.42;454.18;514.70;562.87;610.39;385.16;441.75;493.33;544.50;583.92;0.16;1.20;0.51;106.11;171.76;70.98;165.47;0.64;2.36;0.17;13.73;3.68;
SOIL_17988;357.26;415.52;460.11;502.43;560.95;280.60;341.66;391.02;446.79;517.03;315.59;365.27;409.17;459.55;521.90;393.58;451.84;509.39;562.57;616.37;391.16;443.20;490.61;541.90;584.31;0.19;1.83;0.56;120.36;150.56;74.80;152.24;0.79;3.26;0.18;18.37;0.22;
SOIL_17996;359.73;416.14;460.58;502.66;556.59;283.53;347.82;399.57;455.73;523.82;317.68;370.00;413.43;462.74;522.21;387.16;457.45;524.10;572.67;624.08;388.74;443.81;493.03;543.90;584.02;0.18;1.11;0.48;100.17;174.80;87.27;177.00;0.57;2.33;0.17;13.43;1.57;
SOIL_18000;353.92;408.98;450.24;486.46;536.45;285.64;344.12;395.04;452.98;520.16;312.35;363.61;408.49;459.97;521.74;366.81;431.96;496.36;554.26;611.37;380.74;434.02;482.96;536.50;579.31;0.12;1.95;0.61;141.57;148.56;61.22;143.03;0.99;3.17;0.19;16.63;3.51;
SOIL_18022;354.79;415.82;457.86;495.94;549.07;278.57;339.14;392.94;453.56;522.49;307.21;359.07;404.03;455.17;518.67;384.84;454.80;520.10;574.65;641.73;383.89;439.69;490.30;542.90;583.33;0.17;2.14;0.61;146.21;158.68;65.23;152.68;0.96;3.53;0.20;17.69;4.51;
SOIL_18053;322.14;374.01;416.17;456.31;506.08;276.68;335.04;384.31;438.11;508.83;308.70;358.30;402.71;455.75;522.49;388.11;437.11;479.59;533.40;593.92;388.11;433.71;469.80;516.10;572.38;0.05;1.17;0.62;149.20;145.06;67.00;143.79;1.04;1.88;0.20;9.46;0.06;
SOIL_18063;321.00;373.57;415.84;455.01;502.77;278.68;338.28;389.38;444.75;512.55;308.08;358.38;403.95;458.23;523.53;388.42;437.73;481.94;537.50;595.39;388.11;434.43;471.22;519.40;574.36;0.06;1.33;0.62;151.36;145.60;71.00;146.46;1.03;2.15;0.20;10.61;0.07;
SOIL_18078;318.99;371.93;415.20;454.88;500.89;274.70;334.60;385.47;441.46;511.20;303.49;355.15;401.21;457.02;523.71;398.21;450.10;497.37;549.80;607.65;393.58;440.00;476.43;521.40;574.95;0.04;0.77;0.58;137.55;155.09;79.54;158.25;0.87;1.33;0.20;6.76;0.05;
SOIL_18079;331.66;380.87;420.75;458.73;506.24;274.53;335.98;387.45;441.56;510.10;305.94;354.36;398.22;453.40;521.56;388.74;442.78;492.02;547.20;607.35;390.21;438.35;477.24;524.10;576.34;0.06;0.75;0.53;121.21;180.34;73.98;173.43;0.70;1.40;0.19;7.45;0.06;
SOIL_18154;331.91;391.29;433.55;468.94;516.59;283.85;342.15;396.63;453.40;518.78;308.34;359.40;405.78;458.23;521.45;376.74;431.34;481.63;538.10;594.02;386.84;437.42;481.22;530.40;577.92;0.14;3.67;0.68;187.84;146.53;58.72;140.12;1.34;5.35;0.23;23.55;2.41;
SOIL_18201;334.18;392.61;434.00;469.97;517.08;286.35;345.50;399.60;455.41;519.79;312.65;363.36;408.25;459.18;521.45;374.21;428.04;478.57;536.50;593.04;385.47;436.39;480.61;530.80;578.61;0.14;3.45;0.68;192.82;151.47;62.97;146.14;1.32;5.07;0.23;21.60;1.83;
SOIL_18201BIS;333.66;391.75;434.24;469.76;517.11;285.92;345.55;399.30;455.20;519.79;312.68;363.50;408.52;459.00;522.03;375.16;428.66;478.88;535.80;591.67;386.11;437.11;480.92;530.80;578.61;0.14;3.43;0.68;191.58;151.96;63.40;146.75;1.31;5.06;0.23;21.62;1.84;
SOIL_18249;340.74;390.89;429.89;467.63;516.85;292.38;355.20;410.05;469.23;528.31;317.35;366.83;404.73;455.22;521.19;377.16;433.51;484.59;541.90;603.33;384.84;436.39;480.20;529.80;579.01;0.10;2.24;0.64;177.36;155.82;70.57;153.65;1.15;3.47;0.23;15.22;4.15;
SOIL_18254;330.30;387.83;430.91;468.79;517.29;282.48;343.15;400.11;460.24;523.77;305.80;357.15;403.28;455.96;521.09;374.11;428.97;480.61;537.20;603.72;380.74;432.37;477.24;526.50;576.34;0.09;1.94;0.64;171.78;158.41;61.34;150.26;1.14;3.00;0.22;13.61;5.48;
SOIL_18263;327.58;383.55;424.69;461.50;512.68;274.90;333.49;385.18;440.66;509.95;302.03;351.23;397.52;453.48;521.97;376.53;427.94;474.29;535.20;595.39;384.21;431.96;471.53;522.10;577.33;0.13;2.21;0.60;149.80;166.27;67.51;159.50;0.94;3.66;0.21;17.81;0.16;
SOIL_18266;317.90;368.99;414.21;455.28;501.04;276.45;330.75;378.72;434.43;510.29;298.73;351.23;399.76;457.39;524.41;390.42;439.07;481.22;540.80;614.71;387.16;431.65;463.57;505.05;568.32;0.04;1.35;0.71;201.58;123.86;62.77;125.95;1.60;1.90;0.24;8.07;0.09;
SOIL_18269;334.99;393.07;435.33;472.47;523.45;281.51;339.36;390.89;447.69;516.38;309.24;357.86;402.69;455.73;521.30;372.42;425.98;479.29;543.20;606.37;380.11;429.69;472.96;524.50;577.62;0.10;2.62;0.70;192.56;142.65;53.31;134.21;1.43;3.75;0.23;16.43;1.58;
SOIL_18302;310.56;361.61;407.36;451.66;501.10;272.84;325.54;371.85;426.05;502.14;301.58;354.58;402.02;457.55;523.27;394.63;440.72;480.51;538.90;610.29;391.68;435.05;467.14;509.70;571.29;0.06;2.06;0.71;205.26;131.13;62.64;131.17;1.56;2.92;0.24;12.12;0.08;
SOIL_18305;331.00;387.07;434.64;481.33;544.72;280.43;336.34;383.20;436.77;509.35;309.15;358.49;404.22;458.71;520.83;385.47;438.35;489.29;547.20;609.31;386.84;435.77;477.86;526.10;577.03;0.13;2.41;0.59;138.30;140.03;82.79;149.15;0.93;4.09;0.19;21.10;0.27;
SOIL_18307;332.27;387.05;433.28;477.37;538.24;283.02;339.31;386.56;440.29;511.61;312.40;361.01;405.97;459.13;521.92;385.05;437.42;486.94;544.80;605.69;387.16;436.08;478.57;527.10;578.02;0.11;1.93;0.58;124.46;137.32;70.98;140.43;0.89;3.31;0.18;18.71;0.20;
SOIL_18321;330.53;379.32;414.53;449.47;494.27;282.85;343.48;398.92;454.33;518.75;304.70;353.83;401.08;457.55;524.23;375.16;425.26;467.14;529.10;589.02;381.05;429.28;465.20;511.70;572.67;0.04;0.55;0.51;112.57;185.67;70.86;175.53;0.64;1.09;0.18;5.94;0.06;
SOIL_18566;327.71;382.11;422.16;458.15;505.90;276.73;339.08;393.05;447.96;514.19;307.80;357.62;402.18;456.02;522.36;389.47;440.72;483.98;537.20;592.65;391.47;439.69;476.94;523.40;576.34;0.07;1.10;0.57;126.01;156.84;68.30;153.09;0.82;1.94;0.18;10.53;0.07;
SOIL_18605;342.43;395.12;435.97;474.84;527.56;286.55;346.80;399.43;455.91;520.52;313.27;362.54;406.42;458.07;522.18;382.11;443.30;503.74;554.26;603.72;386.53;439.07;487.96;537.50;581.96;0.11;1.32;0.56;126.67;164.09;74.92;162.15;0.78;2.36;0.19;12.59;0.64;
SOIL_18655;350.55;404.17;447.05;488.48;542.88;287.21;350.55;404.70;462.61;525.95;318.24;367.79;411.69;461.00;522.67;392.21;454.49;512.80;560.20;609.02;392.84;445.77;495.05;543.20;585.00;0.14;1.30;0.53;111.09;159.28;77.90;160.35;0.69;2.47;0.17;14.17;1.14;
SOIL_18663;334.13;386.75;429.25;470.05;525.35;279.05;338.45;388.92;444.83;513.39;309.41;359.62;405.62;459.29;523.19;395.58;448.97;500.00;551.19;603.04;394.63;443.71;486.94;535.50;581.96;0.10;1.18;0.53;111.62;155.75;79.39;158.64;0.70;2.24;0.17;12.83;0.09;
SOIL_18663BIS;329.53;382.71;426.21;467.18;523.22;275.87;334.79;385.45;442.10;511.80;305.46;355.83;402.63;456.57;522.65;395.26;449.38;501.01;552.57;605.69;393.89;443.40;486.63;535.20;581.67;0.10;1.19;0.53;112.26;160.06;78.65;161.35;0.70;2.26;0.18;12.86;0.09;
SOIL_18664;354.93;403.92;448.36;490.94;545.75;293.77;359.75;414.08;475.18;531.01;324.09;373.51;411.45;459.10;520.16;396.63;462.14;517.40;562.57;611.37;393.89;449.79;498.99;545.20;585.29;0.15;1.46;0.54;123.07;156.09;87.67;163.62;0.75;2.70;0.19;14.33;2.58;
SOIL_18667;319.89;372.97;416.78;457.65;509.09;276.56;336.54;388.24;444.67;513.98;305.35;356.68;403.33;458.20;523.87;397.58;446.70;489.59;544.20;601.08;393.26;439.69;475.31;519.10;574.65;0.06;0.90;0.55;116.06;148.11;70.46;147.98;0.78;1.64;0.17;9.39;0.07;
SOIL_22241;336.92;389.02;430.08;468.92;521.66;281.17;341.19;394.93;452.40;518.46;308.14;357.34;402.93;456.65;522.75;387.05;445.77;503.74;555.94;605.69;389.37;440.72;485.61;534.80;581.67;0.10;0.99;0.52;110.15;171.63;73.58;166.86;0.66;1.91;0.18;10.85;0.24;
SOIL_22242;342.04;395.26;435.41;473.11;526.34;285.64;345.33;397.41;453.19;518.72;313.97;362.70;406.45;458.02;522.60;387.16;447.11;505.66;556.53;606.08;389.47;441.34;487.96;536.80;581.96;0.10;1.35;0.57;130.98;161.06;73.52;159.15;0.82;2.36;0.19;12.43;0.36;
SOIL_22243;335.15;387.02;427.60;466.60;520.67;279.17;338.39;390.83;447.35;515.21;307.32;356.27;402.02;456.44;522.75;389.79;447.73;502.73;553.27;604.02;390.84;442.16;486.94;535.50;581.27;0.10;1.03;0.52;113.70;169.92;79.31;168.90;0.67;1.97;0.18;10.92;0.11;
SOIL_22244;335.60;387.15;428.16;467.44;521.19;279.83;339.86;391.97;447.82;515.26;307.32;356.00;401.08;455.25;522.31;393.58;451.43;506.46;556.53;607.74;394.21;445.15;490.00;537.50;582.65;0.09;0.89;0.50;107.40;175.12;83.33;174.98;0.61;1.79;0.18;10.05;0.10;
SOIL_22249;324.96;378.26;416.78;452.45;500.18;282.99;341.02;397.57;454.04;518.57;303.63;351.81;398.11;453.54;520.75;367.45;421.34;469.80;535.50;592.35;378.42;427.73;467.86;520.10;574.95;0.08;1.52;0.60;155.92;177.97;63.49;165.71;0.94;2.51;0.21;11.77;0.62;
SOIL_22299;317.35;370.49;412.73;452.06;499.19;275.13;335.68;387.40;442.33;511.72;306.03;357.45;402.45;457.39;524.26;390.84;437.01;473.47;524.80;590.98;390.84;434.74;466.53;507.07;567.92;0.04;0.94;0.60;140.47;144.75;69.98;145.26;0.97;1.57;0.19;8.09;0.05;
SOIL_22305;306.90;361.50;405.03;444.93;491.54;272.52;330.36;383.01;440.18;512.01;297.34;349.67;398.63;456.70;524.47;388.74;434.12;468.88;520.40;586.96;389.05;433.40;464.18;505.05;567.62;0.06;1.54;0.65;165.62;144.86;62.37;140.99;1.17;2.38;0.21;11.22;0.07;
SOIL_22334;335.35;388.54;426.69;462.66;513.59;282.68;340.66;395.01;450.84;516.93;307.86;355.92;400.40;455.12;522.36;367.77;419.27;466.43;533.80;594.02;378.74;426.91;466.43;517.40;575.64;0.08;1.42;0.60;149.94;174.69;64.14;163.70;0.92;2.38;0.21;11.46;0.42;
SOIL_22703;311.03;361.56;405.51;448.51;499.11;273.55;330.11;379.26;434.64;507.70;301.44;351.92;398.01;453.80;522.31;396.95;443.40;480.92;535.50;609.31;395.26;439.38;471.22;512.10;570.30;0.05;0.96;0.58;131.56;151.43;72.83;151.75;0.87;1.66;0.19;8.82;0.07;
SOIL_22704;313.21;368.61;415.07;457.36;510.13;275.36;332.49;383.31;439.71;510.68;302.54;352.38;398.89;454.17;522.10;396.84;446.08;490.91;549.50;614.71;394.84;441.03;476.63;521.50;576.63;0.07;1.39;0.59;135.33;155.04;69.27;152.34;0.89;2.36;0.19;12.39;0.11;
SOIL_22705;325.40;378.58;421.09;460.00;510.10;273.27;332.38;382.82;438.13;508.43;300.56;349.45;393.88;449.89;521.09;392.11;445.46;497.07;556.83;622.72;391.79;440.41;479.90;528.10;579.01;0.09;1.06;0.52;105.92;172.75;64.85;162.69;0.65;2.06;0.17;12.15;0.13;
SOIL_22705BIS;326.66;380.51;422.45;461.56;512.27;273.35;333.05;384.31;439.55;509.48;302.00;351.37;396.68;450.82;520.39;393.58;446.70;498.28;558.22;625.05;393.26;441.65;480.82;528.80;579.31;0.09;1.06;0.52;105.69;171.83;65.38;162.33;0.65;2.04;0.17;12.08;0.13;
SOIL_22706;313.85;363.83;407.93;451.13;501.10;277.02;333.46;382.41;438.32;511.88;305.38;355.89;402.12;458.63;524.80;397.89;445.46;486.33;547.20;614.12;393.89;438.35;469.80;511.40;571.58;0.04;0.93;0.60;132.82;135.86;64.72;135.79;0.98;1.54;0.18;8.46;0.06;
SOIL_22707;323.57;376.38;419.06;458.20;509.40;271.78;332.63;383.41;438.37;508.33;301.63;351.04;395.31;450.18;520.36;391.16;441.03;482.96;543.50;617.06;392.53;438.66;473.88;518.70;574.65;0.07;0.88;0.51;102.32;168.94;66.79;161.03;0.64;1.74;0.17;10.45;0.10;
SOIL_22805;322.87;374.33;415.68;455.57;507.57;277.85;336.84;387.45;442.63;511.98;307.80;358.52;403.20;457.70;523.43;387.16;437.11;481.63;536.80;597.06;388.11;435.05;472.24;518.70;573.27;0.06;1.09;0.59;133.48;147.31;72.86;148.77;0.90;1.86;0.19;9.86;0.07;
SOIL_22875;320.83;372.75;414.74;454.25;506.61;273.07;332.05;383.52;439.87;509.35;303.21;354.00;399.14;454.77;522.39;393.58;445.15;492.63;545.20;598.33;392.21;440.41;480.20;528.80;579.01;0.09;1.20;0.56;124.85;160.21;76.20;160.06;0.78;2.17;0.19;11.64;0.07;
SOIL_22918;325.60;382.79;426.19;463.98;514.97;279.31;335.68;389.27;446.39;514.43;303.18;352.33;398.38;453.27;520.39;370.63;422.99;468.47;524.80;584.31;383.79;433.40;474.59;522.50;574.36;0.15;4.03;0.68;188.88;157.72;54.80;146.02;1.29;5.94;0.23;25.77;2.42;
SOIL_22928;317.46;368.99;411.55;451.53;504.23;273.90;331.41;381.92;437.65;509.03;302.03;352.33;398.14;453.69;522.08;385.16;434.74;477.55;532.50;592.35;386.53;433.40;470.51;517.80;572.67;0.06;1.07;0.57;129.31;155.10;69.44;152.48;0.85;1.86;0.19;9.99;0.06;
SOIL_22931;317.21;369.21;411.29;451.35;503.39;275.27;332.66;382.68;438.51;509.87;302.85;354.16;399.41;455.07;522.88;389.79;439.07;482.24;537.90;599.31;389.79;436.08;472.24;518.50;573.37;0.06;1.06;0.59;136.86;147.26;71.58;148.00;0.92;1.80;0.19;9.39;0.06;
SOIL_23070;330.47;384.44;427.95;468.02;521.56;280.74;339.06;389.86;445.62;513.88;309.61;359.07;402.80;455.75;520.99;392.84;449.07;505.45;556.34;605.98;388.84;438.04;481.94;530.80;580.98;0.08;1.24;0.59;143.82;156.91;78.87;159.18;0.90;2.09;0.20;10.40;0.39;
SOIL_23074;328.16;386.94;430.37;467.84;510.99;280.65;337.23;389.65;446.95;515.31;302.96;354.52;401.99;457.15;522.34;379.79;434.12;485.31;542.20;594.71;383.79;434.12;476.94;528.80;578.32;0.09;2.50;0.68;182.87;140.47;61.56;137.33;1.33;3.68;0.22;16.48;0.29;
SOIL_23081;332.02;382.63;424.56;467.20;524.39;283.05;341.66;392.35;449.10;517.89;311.73;362.13;406.85;459.26;522.75;387.16;441.03;492.02;546.20;605.29;388.84;438.04;480.61;527.80;577.62;0.10;1.04;0.54;115.85;159.85;75.37;159.32;0.73;1.94;0.18;10.90;0.45;
SOIL_23087;337.20;397.90;444.85;485.86;542.05;281.37;339.89;391.99;451.24;519.79;309.52;358.68;403.25;454.46;518.20;397.26;464.80;523.80;570.30;622.43;388.11;441.75;491.62;540.50;583.72;0.12;1.85;0.62;161.69;149.32;80.13;154.38;1.05;2.96;0.21;13.81;2.39;
SOIL_23139;342.10;406.10;448.65;483.04;530.85;281.45;340.99;394.69;451.85;518.80;309.80;360.00;407.23;459.34;522.13;383.47;439.69;490.30;543.90;598.63;391.79;443.71;487.96;536.20;581.27;0.20;4.60;0.70;200.55;156.09;55.47;145.22;1.38;6.59;0.24;27.68;1.42;
SOIL_23164;343.01;398.30;440.50;479.39;531.58;283.45;345.19;400.97;460.74;524.03;308.87;359.15;404.73;456.49;520.23;388.84;453.16;514.80;562.97;612.06;389.79;443.81;494.04;542.20;584.71;0.13;1.42;0.57;132.07;171.65;71.84;165.89;0.80;2.51;0.19;13.01;1.79;
SOIL_23164BIS;341.74;397.55;440.32;479.24;531.01;282.68;344.94;400.27;460.55;523.95;307.07;357.81;404.01;455.78;520.18;388.42;453.16;514.40;562.67;611.76;389.79;444.12;494.04;542.20;584.61;0.14;1.42;0.56;131.99;173.29;73.48;168.02;0.79;2.53;0.19;13.00;1.79;
SOIL_23166;348.76;400.56;442.81;483.19;535.88;289.57;351.37;403.74;461.66;524.36;317.68;366.86;409.65;460.05;522.23;390.21;452.04;510.70;559.90;612.74;390.84;442.99;490.61;538.80;583.04;0.12;1.25;0.54;114.71;156.51;75.68;157.07;0.73;2.31;0.18;13.14;0.95;
SOIL_23184;340.03;390.21;429.95;467.94;519.84;282.79;344.92;399.43;457.23;521.48;309.49;358.36;402.12;455.09;521.48;379.79;437.73;499.39;553.66;602.35;384.42;436.39;483.67;535.20;581.37;0.11;1.02;0.53;121.70;180.85;73.99;173.81;0.70;1.92;0.19;10.18;1.51;
SOIL_23187;340.05;389.59;428.08;466.44;518.15;281.11;343.84;399.27;457.89;521.90;307.58;355.15;398.71;453.11;521.38;379.79;442.06;508.08;560.20;611.76;384.21;436.39;484.59;536.20;581.67;0.11;0.79;0.49;109.61;198.05;81.03;190.34;0.58;1.63;0.19;8.71;1.15;
SOIL_23195;329.64;380.49;422.00;460.63;513.75;280.34;339.31;390.30;446.18;514.27;309.15;359.34;404.25;458.50;524.08;390.42;441.75;489.29;543.60;598.33;391.16;439.38;479.90;528.10;577.62;0.07;1.02;0.55;118.29;153.17;76.24;154.97;0.76;1.86;0.18;10.44;0.07;
SOIL_23207;329.58;382.22;421.15;457.86;506.03;281.17;340.25;395.12;451.45;516.85;305.52;353.73;399.92;456.81;523.38;385.16;439.38;488.98;545.20;597.35;389.47;439.07;479.29;528.80;579.01;0.09;1.09;0.53;120.48;182.49;71.69;173.68;0.69;2.04;0.19;10.89;0.10;
SOIL_23234;335.23;393.10;436.83;474.61;525.22;284.19;343.20;396.82;454.41;519.82;308.54;359.86;406.45;459.18;522.54;377.47;433.40;485.92;543.90;604.02;386.21;437.42;482.96;532.80;579.60;0.12;2.31;0.64;152.57;148.94;56.98;140.88;1.08;3.62;0.20;18.26;2.52;
SOIL_23294;322.73;375.20;417.13;458.63;512.27;274.38;331.74;382.22;437.33;508.48;302.98;354.30;400.08;455.99;522.67;391.47;441.75;487.24;541.20;599.02;391.47;438.76;476.94;524.10;577.62;0.10;1.67;0.58;133.18;151.73;75.76;153.64;0.87;2.88;0.19;15.14;0.09;
SOIL_23298;333.85;384.93;424.91;462.03;514.14;280.71;340.91;393.64;449.71;515.81;308.51;357.70;402.85;457.76;524.03;385.47;438.35;487.65;543.60;595.98;389.16;438.66;479.59;528.80;578.61;0.09;1.07;0.54;117.85;166.31;74.11;163.30;0.72;1.99;0.18;10.97;0.16;
SOIL_23576;298.67;360.03;412.25;454.96;501.49;265.48;322.06;373.46;429.39;502.58;292.83;347.13;395.61;452.32;521.01;391.16;432.37;459.49;495.96;574.36;394.21;434.43;461.12;492.93;552.57;0.10;3.35;0.71;209.02;143.00;58.48;137.42;1.52;4.72;0.24;19.32;0.12;
SOIL_23686;327.52;381.68;422.00;458.68;507.83;278.19;338.20;392.42;449.68;515.91;305.13;354.79;401.56;457.60;524.03;390.84;443.71;491.01;545.50;599.71;392.21;441.03;479.59;527.80;578.71;0.08;1.06;0.56;125.54;162.23;71.99;159.13;0.79;1.90;0.19;10.21;0.08;
SOIL_23694;325.07;377.55;417.37;454.22;502.87;277.22;337.26;391.62;448.36;514.77;303.80;353.40;399.65;455.25;522.91;392.21;445.46;492.63;546.90;601.37;393.26;441.65;480.20;528.10;578.61;0.08;0.97;0.54;124.09;169.71;75.56;166.61;0.74;1.79;0.19;9.47;0.07;
SOIL_23700;337.26;391.86;434.35;475.16;530.41;275.87;335.12;385.36;440.32;510.29;307.83;356.74;401.10;454.72;521.71;391.89;447.42;500.71;552.57;603.72;393.26;443.40;486.53;534.10;581.57;0.14;1.45;0.52;119.39;184.09;78.65;178.83;0.67;2.78;0.19;14.72;0.13;
SOIL_23762;320.72;372.75;413.30;451.11;499.82;276.53;334.07;385.20;440.48;509.56;303.66;353.48;399.22;454.35;522.57;381.47;431.65;476.94;537.30;600.00;383.47;430.31;467.76;516.50;573.27;0.06;1.30;0.63;156.51;150.90;63.51;146.04;1.07;2.07;0.21;10.05;0.11;
SOIL_23762BIS;320.83;371.50;412.65;450.82;499.76;276.56;334.24;385.55;440.58;510.08;303.69;353.70;399.14;454.54;522.62;382.42;431.96;476.94;536.20;598.04;383.79;430.00;467.55;516.10;573.37;0.06;1.28;0.62;153.98;150.40;64.66;146.33;1.05;2.05;0.20;10.05;0.11;
SOIL_23785;346.93;398.92;438.96;476.76;528.78;287.66;347.98;401.61;459.52;523.32;312.71;361.37;405.89;459.52;523.84;375.47;431.96;486.63;543.20;595.00;385.16;436.08;480.61;530.80;578.61;0.13;1.59;0.57;128.95;165.34;68.10;159.16;0.81;2.78;0.19;14.86;1.01;
SOIL_23792;345.86;398.52;438.35;476.71;527.64;285.67;348.04;403.39;462.66;525.45;310.31;358.85;403.92;457.81;523.30;372.42;430.00;486.63;544.50;597.65;383.47;435.46;481.22;532.60;579.31;0.13;1.47;0.55;125.81;177.95;67.81;168.17;0.75;2.67;0.19;14.12;1.46;
SOIL_23813;344.64;402.31;444.43;481.73;531.73;287.52;349.01;403.36;461.16;524.08;313.24;363.71;408.84;460.08;522.93;379.47;434.33;484.90;540.50;598.72;388.42;439.38;482.96;531.50;578.02;0.13;2.18;0.62;146.65;154.83;61.70;147.86;0.99;3.53;0.20;17.92;3.09;
SOIL_23820;336.45;395.23;438.00;476.03;525.61;280.43;341.85;397.39;457.33;522.44;307.01;357.51;401.67;454.59;520.26;374.11;428.66;478.57;533.90;593.04;384.95;436.08;479.90;528.10;575.94;0.14;2.69;0.63;157.89;163.34;55.00;150.22;1.05;4.24;0.21;20.55;2.40;
SOIL_24185;310.78;369.23;417.10;457.73;508.17;270.03;325.71;375.15;431.52;505.51;300.17;351.48;399.46;455.04;522.86;392.21;442.06;486.33;543.50;611.08;390.42;436.39;471.84;515.40;572.97;0.09;2.34;0.67;174.41;141.23;63.16;138.80;1.26;3.50;0.22;16.17;0.11;
SOIL_24233;340.05;390.70;427.47;462.80;512.84;275.64;334.74;389.05;446.15;513.91;303.15;354.08;402.96;460.11;525.35;369.79;438.04;528.10;591.67;661.83;377.89;429.28;475.61;534.20;582.65;0.10;1.23;0.55;108.78;160.86;54.21;147.96;0.74;2.24;0.16;13.62;0.30;
SOIL_24242;349.09;401.53;441.14;477.11;526.41;279.45;338.84;389.13;446.52;515.52;308.25;361.53;409.03;462.61;524.80;374.11;434.33;493.33;553.27;609.41;381.16;433.09;478.88;533.50;579.60;0.07;0.92;0.56;113.89;146.78;60.67;141.42;0.81;1.64;0.17;9.78;0.31;
SOIL_24248;346.02;406.80;448.36;483.61;531.58;283.28;344.45;400.38;461.16;525.06;306.54;359.51;406.80;457.94;521.30;385.16;448.66;507.68;563.27;630.29;388.11;443.09;490.30;540.20;583.33;0.13;2.10;0.65;172.89;158.64;61.66;150.61;1.15;3.24;0.22;14.65;7.35;
SOIL_24267;347.15;400.00;440.66;477.66;527.14;280.45;337.42;385.45;441.22;513.15;309.61;360.65;406.45;459.97;524.00;372.42;430.00;483.98;542.60;598.33;378.84;430.31;476.63;530.20;578.02;0.08;1.46;0.62;141.85;137.63;60.41;134.62;1.05;2.35;0.19;12.46;0.34;
SOIL_24268;348.81;404.43;444.67;479.03;527.01;279.28;336.92;387.72;444.67;515.16;306.45;359.07;406.05;459.68;524.36;349.57;398.21;437.11;496.06;585.00;377.47;429.28;472.86;524.40;574.95;0.14;4.22;0.70;189.80;144.16;46.35;131.33;1.45;6.06;0.23;26.83;6.44;
SOIL_24270;356.99;409.73;447.67;481.33;525.92;283.93;347.27;404.35;465.25;528.08;306.70;361.86;408.68;462.64;526.49;378.84;473.88;563.66;628.06;701.79;382.84;439.59;488.27;542.90;586.27;0.09;1.23;0.59;127.72;150.91;47.28;136.77;0.93;2.08;0.18;11.61;8.28;
SOIL_24286;358.82;410.70;448.22;482.07;527.95;284.36;347.51;403.65;464.85;527.45;309.44;362.51;409.09;462.74;526.91;374.42;462.86;550.49;619.41;700.19;382.74;439.38;487.35;541.80;585.00;0.09;1.30;0.59;127.76;153.56;44.61;137.18;0.93;2.19;0.18;12.26;8.06;
SOIL_24307;347.62;411.18;454.93;493.01;544.87;280.08;338.98;393.48;456.07;524.23;306.00;356.82;402.58;454.43;518.31;383.58;445.05;502.32;558.91;623.40;382.42;437.11;485.31;537.50;581.27;0.13;2.01;0.63;166.87;158.65;66.17;153.20;1.09;3.17;0.22;14.53;5.56;
SOIL_24307BIS;346.27;409.92;454.38;491.86;544.43;279.14;338.70;393.23;456.02;524.28;304.54;355.97;402.36;454.38;518.88;383.37;445.36;502.02;557.33;621.36;381.79;436.39;485.00;536.50;580.29;0.13;2.04;0.63;167.09;157.14;68.17;153.23;1.09;3.23;0.22;14.75;5.59;
SOIL_24309;368.99;424.37;465.67;503.60;556.12;282.48;348.09;400.08;458.13;524.83;318.10;371.12;414.05;463.51;523.25;375.47;446.70;519.40;573.66;630.78;385.16;441.03;492.32;545.90;584.71;0.20;1.70;0.54;118.79;164.26;73.34;161.37;0.74;3.14;0.18;17.37;3.31;
SOIL_24310;361.64;419.38;460.92;497.09;545.83;287.75;352.44;409.52;470.50;530.44;312.90;367.02;412.28;460.34;522.26;392.84;466.22;528.80;583.04;659.04;387.79;446.08;496.36;545.50;585.98;0.11;1.33;0.60;142.66;157.62;64.88;151.71;0.94;2.21;0.20;11.25;7.03;
SOIL_24318;355.62;410.91;452.35;489.53;539.02;282.59;345.33;401.72;463.59;527.61;310.33;363.20;408.76;459.87;523.32;361.38;428.97;507.98;572.28;691.81;380.11;434.02;483.98;538.20;580.98;0.11;1.06;0.53;116.54;171.38;67.69;163.32;0.71;1.99;0.18;10.95;5.33;
SOIL_24334;344.03;405.03;446.37;480.18;522.83;280.97;341.33;399.06;461.85;527.12;304.42;358.08;407.74;460.82;524.44;365.21;430.00;500.71;579.60;848.45;379.47;431.65;476.63;530.40;579.31;0.08;1.53;0.64;174.80;166.89;54.25;152.37;1.15;2.40;0.23;10.59;9.68;
SOIL_24349;322.51;375.53;419.28;456.86;500.00;272.46;330.61;380.92;437.95;510.89;302.70;354.96;403.09;459.55;525.04;384.53;433.09;469.18;519.80;595.00;388.11;433.71;466.84;507.07;570.59;0.04;1.29;0.68;178.05;134.44;55.17;129.30;1.38;1.89;0.22;8.74;0.05;
SOIL_24351;354.41;407.58;449.05;487.30;538.50;287.66;351.18;406.48;466.28;526.99;310.14;363.06;408.14;459.79;523.25;379.79;449.79;513.10;562.57;613.72;385.47;441.75;493.03;543.20;583.63;0.13;1.17;0.53;115.62;168.97;75.89;166.26;0.70;2.22;0.18;12.25;2.00;
SOIL_24352;335.51;396.36;442.25;479.53;528.44;282.85;338.23;388.35;444.96;514.24;306.96;358.41;406.13;458.94;521.35;374.42;427.94;475.92;530.50;598.43;380.84;432.68;477.24;526.10;575.94;0.11;4.34;0.72;212.12;133.51;53.80;127.84;1.66;5.99;0.24;24.73;5.18;
SOIL_24375;342.10;392.86;430.67;465.22;513.57;280.83;339.97;391.73;447.98;514.69;308.62;359.56;406.40;461.45;525.09;366.49;423.30;474.59;537.50;594.80;381.47;431.34;472.55;523.40;576.04;0.06;1.11;0.57;123.34;155.97;66.89;151.65;0.81;1.97;0.18;10.91;0.14;
SOIL_24400;344.12;395.90;434.24;468.86;515.08;278.48;339.25;392.05;449.97;517.76;307.32;359.34;405.64;460.24;524.86;380.42;434.02;479.29;543.60;604.41;388.21;435.05;472.55;522.80;576.04;0.06;1.12;0.60;134.59;149.23;63.18;144.64;0.93;1.87;0.19;10.05;0.17;
SOIL_24412;354.27;416.03;458.50;495.68;548.65;281.14;339.58;389.05;447.69;518.57;310.59;359.70;404.17;455.80;519.04;378.42;439.69;498.28;555.94;615.98;382.11;436.08;484.59;537.50;580.59;0.14;3.07;0.67;174.61;139.69;64.09;138.22;1.26;4.61;0.22;21.26;3.38;
SOIL_2573;333.71;391.70;433.73;470.32;519.95;285.30;343.45;395.39;453.11;519.95;310.50;361.15;407.10;460.08;523.30;374.11;427.63;478.27;535.50;592.35;383.16;433.71;478.88;530.10;577.62;0.13;4.00;0.69;183.77;137.00;54.35;130.69;1.41;5.77;0.22;26.29;1.38;
SOIL_2580;334.79;396.33;442.94;481.94;535.67;282.88;338.03;386.39;444.54;515.63;307.97;357.45;402.61;455.17;518.85;387.58;449.69;507.98;560.00;613.72;381.79;434.74;483.88;535.50;580.69;0.11;2.88;0.68;183.72;135.24;64.50;135.21;1.36;4.21;0.22;18.93;2.04;
SOIL_2601;338.06;392.56;433.39;469.87;520.47;286.49;345.11;397.84;455.41;520.47;310.50;361.31;406.29;460.21;523.74;375.16;428.97;477.55;534.10;587.65;384.11;433.71;476.22;527.40;575.94;0.12;2.76;0.64;153.29;143.52;61.11;139.30;1.10;4.31;0.20;21.73;1.00;
SOIL_26301;320.89;374.39;414.15;450.82;496.23;274.67;335.62;388.10;442.84;511.38;302.87;353.64;400.32;456.65;524.34;388.84;437.73;474.90;527.10;591.96;390.84;436.70;469.59;510.40;570.59;0.05;0.84;0.59;135.08;154.76;63.29;148.72;0.91;1.43;0.19;7.52;0.05;
SOIL_26302;317.46;371.66;422.08;465.14;509.03;281.11;340.17;396.66;458.68;525.35;302.39;352.16;401.02;456.02;521.64;369.68;424.02;476.94;561.98;848.45;373.79;421.96;462.24;510.00;570.59;0.05;2.17;0.74;258.57;146.23;51.00;135.49;1.91;2.91;0.29;10.11;7.13;
SOIL_26303;358.11;413.94;455.12;492.64;542.88;280.68;344.12;400.05;462.53;527.69;307.24;360.77;406.45;457.73;522.26;368.08;433.40;508.08;566.93;630.68;380.11;435.05;485.31;539.90;581.27;0.15;1.28;0.55;122.59;171.19;65.01;161.65;0.76;2.34;0.19;12.63;5.07;
SOIL_26303BIS;361.61;416.78;458.79;495.73;545.41;283.76;346.57;401.83;463.61;528.05;309.77;363.74;408.79;458.79;522.57;369.68;435.05;510.70;569.60;632.43;382.11;437.11;486.94;541.20;582.35;0.15;1.27;0.55;122.35;169.51;65.05;160.45;0.76;2.31;0.18;12.53;5.08;
SOIL_2635;342.95;399.49;439.79;476.63;528.91;283.39;341.27;392.64;450.45;518.13;310.11;358.03;402.12;455.28;521.35;373.37;428.97;482.96;541.20;597.35;384.11;435.36;480.92;531.80;579.31;0.15;2.86;0.66;170.58;155.81;56.13;145.39;1.17;4.35;0.21;20.27;2.63;
SOIL_2670;332.16;390.11;431.20;466.78;513.39;285.21;346.68;403.25;460.92;522.60;306.45;358.00;405.35;458.31;522.60;372.74;426.70;475.92;534.20;598.33;383.79;434.43;477.86;527.80;576.63;0.12;2.77;0.66;172.93;155.46;56.66;145.44;1.19;4.22;0.22;19.36;4.63;
SOIL_2712;329.19;385.66;426.80;462.74;509.71;284.19;341.96;396.23;452.66;517.79;308.39;358.22;404.11;457.44;522.08;377.16;432.78;486.33;540.80;590.98;384.53;436.39;482.24;533.20;579.60;0.12;2.98;0.66;179.31;152.63;62.77;146.87;1.22;4.48;0.22;20.03;1.54;
SOIL_2732;336.07;392.91;434.56;470.55;521.30;284.47;343.56;396.58;454.14;519.14;309.97;360.74;406.05;458.39;522.36;379.16;434.43;485.51;539.50;592.35;385.79;436.39;480.92;531.50;577.62;0.13;2.79;0.65;158.48;142.68;62.27;139.35;1.14;4.32;0.20;21.29;1.53;
SOIL_2746;340.94;401.10;443.61;479.03;526.54;285.24;345.25;398.98;456.96;522.73;309.75;360.85;406.91;459.66;522.16;378.42;433.71;485.31;540.80;602.74;385.79;437.42;481.94;530.80;577.33;0.12;2.79;0.66;170.37;147.96;57.12;140.25;1.21;4.20;0.21;19.77;3.00;
SOIL_2746BIS;335.51;396.25;438.67;474.37;522.23;281.88;341.44;395.77;454.64;521.12;305.13;356.49;403.74;456.78;521.12;377.37;432.37;483.98;538.50;599.71;384.53;435.77;480.31;529.10;576.04;0.13;2.81;0.66;171.07;152.03;56.14;142.64;1.20;4.25;0.21;19.80;3.00;
SOIL_2753;333.57;389.08;429.81;465.22;514.30;285.90;344.72;398.76;456.12;520.18;309.86;359.10;404.11;457.15;522.34;375.16;430.31;482.96;539.50;590.69;384.53;436.08;480.61;531.50;578.61;0.13;2.49;0.63;160.08;158.96;66.17;153.42;1.04;3.97;0.21;18.81;0.83;
SOIL_2822;342.68;400.35;442.12;479.05;531.40;283.76;341.08;391.27;449.10;517.89;310.03;359.29;404.14;457.07;521.69;372.11;425.98;479.59;539.20;595.98;381.79;431.65;477.55;529.50;578.02;0.15;3.20;0.67;178.20;146.03;59.14;140.00;1.27;4.74;0.22;21.66;2.34;
SOIL_2919;343.01;395.71;439.09;480.63;535.00;283.90;345.17;396.79;454.48;520.49;311.54;362.18;406.85;458.23;521.56;388.84;452.86;514.10;560.59;608.72;388.84;441.96;493.33;542.20;584.02;0.14;1.37;0.53;114.56;163.19;78.76;163.69;0.70;2.58;0.18;14.44;0.63;
SOIL_2939;339.33;397.63;439.63;476.74;530.54;285.18;345.69;400.30;457.68;521.90;308.00;360.03;407.26;459.79;523.51;375.79;429.69;478.88;536.80;599.02;385.79;437.42;483.98;535.50;580.98;0.13;2.13;0.61;130.01;144.82;49.33;133.51;0.97;3.48;0.18;19.77;2.99;
SOIL_3018;321.25;374.71;419.38;458.71;502.22;280.08;338.36;388.70;443.77;513.67;307.83;358.22;403.20;456.57;522.91;390.84;437.42;473.88;526.50;592.35;391.16;435.05;467.45;509.39;571.29;0.05;1.88;0.70;199.99;131.08;62.15;130.84;1.53;2.67;0.24;11.34;0.07;
SOIL_3095;333.30;391.13;432.88;467.26;513.91;286.35;346.57;402.39;460.34;522.52;309.80;360.87;406.69;458.79;522.00;375.79;430.93;482.96;539.20;598.72;385.16;436.80;481.53;531.10;577.92;0.13;3.00;0.67;183.64;153.15;58.49;144.80;1.27;4.47;0.23;19.68;4.59;
SOIL_3109;331.99;388.81;429.95;464.75;513.33;282.62;342.60;398.38;456.36;520.34;305.89;356.96;403.79;457.92;523.04;372.74;427.63;477.24;533.90;590.98;384.11;435.05;479.29;529.10;577.03;0.14;2.81;0.64;165.85;159.88;56.52;148.58;1.12;4.36;0.21;20.48;3.31;
SOIL_3231;349.31;399.27;435.89;471.76;525.61;284.61;344.45;399.81;458.39;522.39;308.56;353.01;396.09;453.11;522.39;348.62;404.89;455.51;526.90;592.65;375.58;426.70;468.47;520.10;572.67;0.13;1.60;0.55;139.35;211.73;61.37;189.05;0.74;2.89;0.21;13.87;1.93;
SOIL_3303;338.45;391.94;434.64;473.18;523.45;285.44;343.31;393.56;451.35;518.52;311.12;360.93;407.04;460.39;522.91;385.16;443.40;502.02;552.28;600.98;384.11;435.36;483.57;534.20;580.00;0.09;1.67;0.62;146.57;144.71;70.84;145.72;1.01;2.71;0.20;13.80;0.57;
SOIL_3341;341.38;394.69;433.44;469.58;522.36;281.51;340.25;394.69;452.56;518.59;306.03;352.60;397.33;453.03;522.36;359.04;415.31;467.86;525.10;580.98;379.16;430.31;474.90;523.40;574.36;0.15;2.10;0.57;143.60;195.64;66.19;180.10;0.80;3.66;0.21;17.62;1.27;
SOIL_3366;332.85;380.76;420.75;459.89;514.92;284.50;342.43;390.86;445.60;513.85;312.60;360.63;399.35;451.98;519.74;382.84;438.45;488.57;542.20;595.39;387.47;437.73;479.90;527.80;577.62;0.10;1.71;0.59;147.36;159.20;77.10;159.84;0.92;2.87;0.21;14.00;0.35;
SOIL_3533;333.57;389.48;431.09;467.78;518.18;284.10;344.28;398.46;457.70;522.00;307.46;357.67;402.71;456.07;521.45;373.47;428.25;480.92;536.50;590.29;382.84;434.12;479.90;530.40;577.33;0.12;2.36;0.64;163.23;155.57;64.36;149.92;1.09;3.71;0.21;17.48;2.05;
SOIL_3547;334.46;390.89;433.52;470.11;519.97;285.53;345.14;399.38;457.84;521.56;308.87;359.04;404.17;457.28;521.56;375.47;429.59;481.22;536.50;591.67;384.11;435.36;480.61;529.80;577.33;0.11;2.36;0.65;167.62;153.70;61.27;146.79;1.14;3.65;0.21;17.01;2.40;
SOIL_3547BIS;337.70;394.72;436.69;473.08;522.65;287.92;347.40;401.10;459.13;522.65;312.49;362.51;407.04;459.13;522.10;374.11;428.66;480.20;535.50;590.69;383.16;434.74;479.90;529.40;577.03;0.11;2.38;0.65;167.68;149.77;61.57;144.11;1.16;3.65;0.21;17.12;2.40;
SOIL_3656;332.19;386.29;430.21;470.53;519.53;285.13;342.27;392.64;450.69;517.94;309.38;359.34;405.24;459.21;521.14;390.11;451.12;508.08;555.25;603.72;387.16;438.97;487.65;536.50;581.27;0.08;1.34;0.61;147.80;146.54;73.66;148.67;0.99;2.18;0.20;10.95;0.30;
SOIL_3743;320.53;377.41;427.04;468.10;512.08;284.42;343.48;399.95;460.05;525.09;306.68;356.96;404.19;457.41;520.26;374.42;427.94;479.59;555.64;848.54;377.47;426.70;468.16;514.40;570.99;0.07;2.77;0.73;250.66;149.55;53.62;139.40;1.80;3.77;0.28;13.32;8.45;
SOIL_4100;335.57;390.97;430.16;465.28;512.53;285.53;345.77;401.02;458.31;521.14;308.87;357.64;403.14;455.70;521.69;376.84;432.37;489.90;543.20;590.00;383.26;436.08;484.29;535.20;580.29;0.12;2.00;0.62;161.87;170.49;71.31;164.74;0.98;3.24;0.22;14.88;1.01;
SOIL_4883;352.14;417.80;460.21;498.35;555.63;274.44;332.85;380.08;436.83;511.28;309.41;358.55;404.11;456.52;519.43;396.95;459.49;516.50;564.26;615.69;390.11;444.74;494.04;543.60;583.23;0.22;4.28;0.67;184.00;138.51;74.05;143.04;1.29;6.37;0.23;28.16;0.53;
SOIL_5066;323.68;376.38;418.12;456.33;507.23;276.33;334.38;384.44;439.28;510.47;305.52;355.40;400.59;455.78;522.93;382.42;431.34;471.12;524.40;586.96;385.47;432.37;468.47;514.40;571.29;0.07;1.44;0.62;145.97;145.84;65.97;143.76;1.02;2.33;0.20;11.88;0.07;
SOIL_5162;316.01;368.96;418.55;462.53;504.70;277.54;331.58;379.84;433.97;507.44;304.79;356.46;404.11;457.73;523.01;380.11;424.02;454.08;494.75;572.97;383.47;427.01;457.14;495.05;560.99;0.05;3.97;0.81;301.08;116.26;47.86;111.90;2.69;4.90;0.31;15.89;0.10;
SOIL_5172;325.43;381.14;426.13;466.91;515.73;285.16;343.18;399.00;458.89;523.95;310.89;360.00;405.38;457.23;521.14;366.70;415.94;458.16;515.70;595.39;378.11;426.29;467.14;516.80;574.65;0.08;2.83;0.71;220.74;148.10;56.29;139.87;1.58;4.00;0.26;15.50;6.90;
SOIL_5296;303.30;366.86;419.06;459.23;503.81;268.62;325.18;375.86;431.71;503.81;295.44;348.67;396.82;451.82;520.49;393.16;436.08;464.59;502.73;582.35;395.89;437.11;464.59;496.46;555.25;0.09;3.04;0.72;213.86;139.93;60.18;136.16;1.57;4.25;0.25;17.17;0.10;
SOIL_5540;329.19;390.97;438.59;479.21;530.34;284.10;338.92;389.89;449.44;519.48;309.27;358.46;403.87;455.86;518.96;378.11;433.40;484.29;541.10;610.69;381.79;432.37;475.92;524.80;576.34;0.11;3.50;0.72;220.06;143.43;60.74;139.02;1.58;4.89;0.25;19.21;4.92;
SOIL_5547;325.13;378.64;419.81;457.94;508.93;281.05;341.08;394.26;450.47;517.58;306.42;357.15;402.26;454.72;521.97;373.79;426.70;475.61;535.90;598.33;381.47;430.00;470.51;519.80;575.25;0.08;1.41;0.61;156.18;166.47;68.81;160.39;0.97;2.31;0.21;10.89;0.81;
SOIL_5554;317.26;371.23;414.21;453.14;501.02;277.45;334.46;385.23;440.80;510.16;305.49;355.53;400.83;455.28;522.60;380.74;428.35;465.82;519.70;589.02;384.42;429.59;463.88;507.68;570.30;0.07;2.08;0.68;185.44;143.93;61.12;139.60;1.33;3.06;0.23;13.53;0.10;
SOIL_5568;308.23;364.40;409.41;450.21;500.60;269.60;325.79;375.72;432.13;506.58;298.07;350.44;398.27;454.46;522.83;385.16;433.40;469.90;523.80;603.33;387.79;432.06;463.47;504.04;564.95;0.07;1.70;0.65;166.14;143.77;62.22;140.11;1.19;2.61;0.21;12.38;0.07;
SOIL_5582;315.81;370.35;415.95;455.04;502.17;276.19;331.25;382.79;439.65;509.19;302.06;351.62;397.30;451.29;520.13;378.84;425.36;461.53;515.40;583.33;386.74;432.06;466.84;513.10;572.97;0.14;4.97;0.72;225.24;149.63;59.96;143.09;1.57;6.91;0.26;26.62;0.23;
SOIL_5582BIS;320.19;374.41;420.08;459.13;505.69;279.54;335.35;386.34;442.52;511.20;307.89;357.04;400.83;454.27;520.96;377.16;424.64;461.22;516.50;585.98;386.42;431.65;466.53;513.10;572.67;0.13;5.06;0.73;227.40;144.18;58.19;138.11;1.65;6.96;0.26;26.86;0.23;
SOIL_5639;314.55;367.70;411.42;451.37;497.72;273.70;331.41;382.44;439.04;510.63;302.96;354.52;401.45;457.81;524.10;396.00;446.39;493.74;555.25;625.73;391.47;437.11;471.84;515.50;573.96;0.04;0.96;0.63;137.56;130.80;56.85;127.61;1.08;1.52;0.18;8.41;0.07;
SOIL_5653;314.13;370.90;416.57;455.88;499.55;272.75;331.77;383.22;439.33;510.42;300.82;353.20;401.34;457.49;523.92;398.00;445.77;486.02;542.20;614.71;394.53;439.07;471.12;510.40;570.00;0.05;1.18;0.65;152.35;125.86;60.48;126.09;1.21;1.81;0.19;9.39;0.08;
SOIL_5795;321.48;375.61;417.05;455.36;506.53;275.19;333.80;384.20;439.81;510.89;302.82;353.67;400.11;454.25;522.78;384.53;433.71;473.27;526.80;590.69;387.16;433.71;468.88;513.10;570.30;0.06;1.30;0.60;141.82;148.26;69.98;147.82;0.96;2.15;0.19;11.05;0.07;
SOIL_5810;319.22;372.18;414.74;453.80;504.33;275.16;332.08;382.33;437.33;509.22;304.82;355.62;401.53;455.99;523.77;384.11;431.34;467.55;517.50;582.65;387.05;432.68;466.53;509.09;568.32;0.06;1.55;0.63;154.68;143.25;67.67;142.85;1.08;2.45;0.20;12.09;0.07;
SOIL_6003;304.45;362.13;412.73;457.18;508.85;270.06;322.65;370.68;425.84;502.40;296.57;348.76;397.39;453.35;520.73;385.16;431.65;470.51;524.10;594.71;388.21;433.20;468.16;511.40;569.31;0.15;4.64;0.69;202.24;151.90;61.73;145.75;1.39;6.69;0.24;27.68;0.16;
SOIL_6301;345.52;393.02;428.69;465.78;515.86;287.43;354.22;414.37;473.34;530.39;306.14;352.05;396.77;453.88;523.38;367.45;422.58;475.20;544.20;603.33;379.47;431.65;476.22;531.10;579.31;0.08;0.54;0.45;113.69;247.87;77.53;224.57;0.51;1.20;0.21;5.80;2.27;
SOIL_6336;340.05;392.16;431.73;468.47;519.82;280.37;339.53;392.16;449.28;516.59;305.35;354.60;400.08;454.09;521.45;373.16;430.00;486.22;541.90;591.96;381.47;431.96;477.55;529.10;577.92;0.10;1.27;0.57;135.52;173.73;68.57;165.53;0.82;2.21;0.20;11.28;0.41;
SOIL_6406;341.41;390.13;428.75;467.49;524.10;283.39;344.14;397.09;454.14;520.88;309.38;357.48;401.88;456.83;523.61;387.16;445.77;517.80;569.90;617.74;385.79;435.05;480.92;536.50;583.33;0.12;0.95;0.51;114.21;185.49;79.30;180.22;0.63;1.87;0.19;10.01;0.39;
SOIL_6925;326.80;379.24;419.70;458.31;510.39;277.96;339.08;393.26;450.34;517.32;302.93;349.17;394.85;452.45;522.75;383.05;436.70;484.90;547.50;608.04;387.79;437.11;475.61;525.80;578.02;0.10;0.95;0.49;112.36;205.59;71.66;190.47;0.59;1.92;0.19;10.19;0.11;
SOIL_6961;325.99;378.42;419.38;458.36;511.90;279.23;338.81;392.29;448.86;516.82;304.23;351.12;396.06;452.58;522.75;381.68;434.33;479.18;542.20;603.33;387.79;436.70;474.59;525.10;577.33;0.11;1.23;0.52;121.22;197.46;72.80;185.20;0.65;2.36;0.19;12.23;0.12;
SOIL_7010;345.22;400.08;441.43;479.89;531.06;287.09;347.90;401.13;458.47;522.41;310.95;361.34;405.91;457.41;521.90;384.74;447.63;506.36;554.95;604.41;388.11;442.37;490.91;539.20;582.35;0.13;1.53;0.57;135.15;168.55;70.52;162.88;0.83;2.67;0.19;13.72;1.51;
SOIL_721;327.35;379.59;420.08;458.18;509.61;281.54;341.74;392.40;446.84;513.91;307.86;358.77;404.17;458.73;523.66;386.21;438.66;487.96;549.20;612.06;385.79;433.71;471.53;518.10;574.95;0.06;1.03;0.59;131.28;147.64;66.41;145.32;0.90;1.76;0.18;9.52;0.08;
SOIL_7356;328.33;380.38;420.37;456.36;504.70;280.91;340.58;393.29;448.43;514.92;305.89;356.74;402.28;456.36;522.96;387.79;440.00;490.61;547.20;603.72;387.16;435.77;475.92;525.40;577.33;0.06;1.06;0.59;140.49;155.27;71.98;154.06;0.91;1.80;0.20;9.14;0.09;
SOIL_791;324.82;380.49;425.04;465.65;527.27;275.96;337.17;387.99;443.98;514.11;306.68;359.12;405.13;460.71;525.61;421.24;496.67;565.64;602.06;651.44;401.14;451.12;493.33;543.50;590.00;0.06;1.15;0.61;100.51;104.28;46.48;102.40;0.98;1.89;0.14;13.85;0.17;
SOIL_863;325.68;377.36;417.88;457.23;512.55;274.98;336.37;387.99;444.83;513.67;301.35;353.42;399.19;455.09;523.51;401.46;468.16;539.80;593.72;650.77;391.89;441.03;482.24;531.10;583.04;0.06;0.68;0.52;95.83;146.64;64.05;143.25;0.67;1.31;0.15;8.56;0.09;
SOIL_9134;317.07;375.01;420.45;458.60;502.85;269.74;329.94;381.52;436.75;508.85;301.55;354.60;402.34;458.10;525.09;399.16;445.05;481.53;534.50;612.06;396.21;439.69;469.80;505.66;564.95;0.04;0.99;0.63;146.08;138.59;56.18;132.90;1.10;1.56;0.19;8.17;0.06;
SOIL_9134BIS;312.51;370.82;416.54;455.14;499.79;267.06;326.38;378.28;434.91;507.89;295.52;349.92;398.57;455.14;523.58;399.58;446.08;482.96;536.80;608.72;396.53;440.41;470.82;507.07;566.93;0.05;0.96;0.62;145.52;143.24;62.41;139.84;1.04;1.54;0.19;7.96;0.06;
SOIL_9149;309.83;367.38;412.20;450.16;490.10;268.99;328.33;381.60;438.83;510.03;298.78;349.97;396.33;453.38;521.40;403.23;449.38;489.29;545.20;617.35;396.32;439.69;469.80;507.37;566.93;0.03;0.71;0.62;139.74;140.37;59.82;136.27;1.03;1.15;0.19;6.14;0.05;
SOIL_9248;333.68;382.90;420.72;458.31;509.45;276.82;339.08;391.45;446.45;513.83;304.08;350.49;394.10;449.68;521.45;381.47;432.27;475.92;539.50;614.02;385.89;433.40;469.80;517.10;572.97;0.08;0.64;0.46;101.83;218.43;73.48;200.85;0.51;1.41;0.18;7.66;0.08;
SOIL_9249;327.10;378.64;417.93;456.73;508.62;276.96;337.81;390.40;446.02;514.04;302.00;349.12;393.05;450.29;521.58;382.53;432.68;474.59;536.20;602.74;385.79;433.40;469.90;517.40;573.66;0.08;0.73;0.47;102.85;204.81;72.50;190.38;0.54;1.54;0.18;8.55;0.08;
SOIL_9255;325.82;375.56;415.09;452.45;502.48;278.68;339.89;391.75;445.44;512.92;306.51;353.45;398.09;453.59;521.61;385.79;434.74;475.61;534.20;612.06;386.42;433.09;466.84;509.70;568.61;0.05;0.73;0.54;124.24;172.16;72.97;166.90;0.74;1.34;0.19;7.09;0.07;
SOIL_9281;318.77;369.04;410.62;450.32;498.69;275.21;334.24;384.58;441.83;513.28;301.77;353.59;401.10;458.81;525.30;397.26;446.49;490.30;550.89;610.39;392.53;437.73;469.90;510.70;571.58;0.04;0.50;0.52;109.84;151.27;76.28;153.61;0.72;0.96;0.17;5.54;0.04;
SOIL_9343;325.29;380.19;427.52;469.74;520.13;279.89;332.74;381.79;439.81;514.69;301.72;351.01;398.33;453.64;521.22;370.11;417.29;457.86;518.10;595.98;374.53;420.62;458.77;509.39;571.58;0.12;5.82;0.77;255.51;129.48;50.62;123.10;2.08;7.60;0.28;27.52;4.15;
SOIL_9365;334.27;385.12;423.07;459.42;514.40;281.62;342.38;397.01;452.95;520.39;305.77;352.68;396.44;452.45;522.54;361.06;408.23;445.36;503.03;576.63;378.84;426.39;462.86;510.40;570.89;0.11;1.84;0.61;147.87;168.27;58.11;155.59;0.95;3.02;0.20;14.99;0.85;
SOIL_9366;327.21;384.55;428.35;467.49;518.85;280.03;337.40;391.05;449.26;518.85;304.14;353.73;400.67;455.12;522.05;365.74;415.31;458.57;524.10;613.04;378.11;425.98;465.82;515.10;572.67;0.14;4.61;0.72;208.13;144.70;48.74;133.09;1.56;6.45;0.24;26.73;4.51;
SOIL_9371;333.05;384.80;425.33;463.17;516.74;283.33;343.29;397.22;453.03;520.47;307.30;354.08;398.81;454.59;523.14;360.74;407.92;444.74;500.40;577.62;379.05;427.32;464.49;511.40;570.59;0.11;2.26;0.65;163.20;159.63;51.48;145.52;1.12;3.50;0.21;16.73;1.86;
SOIL_9409;329.11;375.58;413.06;451.69;506.53;276.56;334.38;387.99;442.70;515.23;297.22;342.93;388.54;446.39;520.70;346.91;393.89;428.35;473.88;564.26;370.63;418.96;454.18;495.35;560.99;0.11;2.06;0.62;174.50;202.04;52.02;176.67;0.99;3.30;0.23;14.24;2.27;
SOIL_9411;310.33;359.29;407.20;453.64;507.15;277.74;332.35;384.17;439.68;513.13;300.17;346.33;392.78;449.84;520.70;354.04;396.95;425.77;461.12;540.50;373.37;417.60;450.71;491.92;557.92;0.15;6.45;0.74;252.40;159.75;52.20;146.01;1.73;8.73;0.28;30.83;2.56;
SOIL_966;355.78;413.08;454.01;489.79;537.80;289.34;356.33;415.23;475.18;532.33;311.56;366.45;412.52;461.03;523.06;376.74;440.72;502.02;558.22;617.06;383.89;438.04;486.94;539.50;582.65;0.12;1.19;0.57;137.21;180.15;63.71;167.42;0.82;2.11;0.20;10.49;8.07;
SOIL_9664;313.74;363.50;407.36;450.16;499.61;272.43;328.66;378.47;433.20;508.22;299.46;348.92;394.58;450.71;521.71;375.16;420.21;451.12;493.74;578.71;382.21;425.98;456.22;492.63;556.53;0.07;2.23;0.70;203.76;149.72;59.11;142.66;1.43;3.20;0.24;13.19;0.10;
SOIL_9666;322.37;375.67;418.69;458.10;511.25;276.39;333.60;386.04;442.07;512.94;301.46;349.78;394.64;450.13;520.57;363.40;410.21;445.67;498.38;585.29;378.84;425.05;460.41;503.43;567.23;0.12;3.49;0.68;188.39;154.64;54.10;143.38;1.31;5.12;0.23;22.33;0.31;
SOIL_9666BIS;321.45;374.30;417.43;456.94;510.13;276.27;332.66;385.01;441.06;512.86;300.73;349.20;394.04;449.52;520.41;365.74;413.64;449.69;503.43;590.29;380.74;426.91;462.45;505.35;568.91;0.12;3.47;0.68;187.21;155.44;54.12;143.97;1.30;5.11;0.23;22.37;0.31;
SOIL_STD_GEN_24617;356.38;415.71;460.00;497.98;548.47;289.89;356.38;417.88;481.13;535.28;316.20;367.81;411.88;460.00;521.56;388.11;454.49;517.80;571.58;639.13;384.21;438.76;489.90;541.90;585.39;0.11;1.17;0.60;172.08;180.50;78.56;176.17;0.98;1.94;0.24;8.22;6.79;
SOIL_STD_GEN_24618;325.35;380.57;424.85;463.54;511.07;284.13;344.23;401.69;461.93;524.16;307.07;358.36;404.33;457.63;522.00;363.08;411.98;452.76;514.80;588.33;377.47;425.36;466.12;519.10;576.63;0.10;3.47;0.72;222.05;143.50;53.90;135.17;1.64;4.85;0.26;18.86;7.65;
SOIL_STD_GEN_24619;317.43;370.82;416.78;458.02;507.02;280.00;336.67;390.92;450.58;517.42;302.42;352.96;398.98;453.77;520.13;363.72;411.56;448.35;504.75;580.29;378.74;425.67;464.49;515.10;573.66;0.13;5.36;0.73;239.22;143.96;54.37;135.77;1.76;7.30;0.27;27.03;5.54;
SOIL_STD_GEN_24619BIS;320.25;373.84;419.36;460.77;509.92;281.82;339.11;392.91;452.19;518.67;304.65;355.42;400.99;454.88;520.86;363.08;410.42;447.42;503.74;579.01;378.53;425.67;464.49;515.40;573.66;0.12;5.38;0.74;239.35;142.15;54.42;134.48;1.78;7.30;0.27;27.11;5.56;
