"sample_id","TN_CHN","TC_CHN"
31508,1.8,46.8
31492,2.7,59
31493,1.5,19.7
32424,0.56,14.8
31490,1.6,31.2
32423,1.73,40.2
31500,2.6,38.4
32425,0.89,18.7
31494,3.1,78.4
1900,1.00511975586414,9.9083286523819
2635,2.8,49.518
11590,1.5,111.2
31501,5.5,63.7
2732,2.327,36.471
2830,1.54,14.5
23261,0.8,6.8
32427,1.6,40.8
32426,2.17,42.5
31502,2.9,42.9
3032,2.33954817056656,26.528
3039,1.42,13
3530,2.26,64.2
3533,2.3,39.503
31505,2.2,30.8
31507,1.3,21.6
3663,1.22,12.4
3670,1.28,12
1092,2.1,40.5
4162,1.07,11.7
4792,0.179,38.7
25081,0.7,8.32
26222,1.6,31.4
4813,0.156,84.9
25085,1.1,82.6
25086,1.4,66.8
32443,2.48,61.5
33847,0.81,8.51
4841,0.125,25.8
25088,1.1,82.7
32445,0.92,21.4
32446,1.11,33.4
4848,0.193,66.7
30733,2.4,48.1
30737,2.4,48.9
4869,0.202,69.9
4883,2.15,34.4
30741,2.4,49
1689,5.5,57.8
1696,3.3,36.6
5059,3,35.9
5066,1.3,14
5074,2.7,30.6
2482,1.6,22.3
5081,0.216,18.2
5088,0.167,15
5172,1.9,82.7
5141,0.3,27.6
5148,0.309,26.3
5181,2.7,39.2
5188,1.8,22.8
5251,1.9,19.3
25089,1.5,67.2
25090,0.7,8.3
32438,1.44,24.5
32440,2.17,45.4
5296,2,18.7
5303,1.7,17
5310,1.8,17
25091,1.1,81.1
2601,2.5,33.1
2615,0.99,10.9
5317,1.6,14.7
5352,0.213,20.6
5359,0.237,22.7
2670,2.254,64.325
2684,2.519,67.354
5366,0.184,18.2
2725,1.3,13.2
2739,2.3,29.992
5373,0.192,18.6
5380,0.203,19.7
32435,2.02,38
5422,2.1,21.7
5429,2.2,21.1
5436,2.5,24.3
32441,2.35,40.4
3095,2.26,63.941
3120,1.2,11.7
5463,3.3,32.8
5470,3.7,36.6
3116,2.197,60.179
3130,1.1,12
3607,2.11,27.9
5484,1.9,25.1
5491,2.3,94.1
1057,1.9,23.3
3633,1.74,16.6
3642,1.69,16.6
1001,1.5,30.4
4127,1.04,10.9
4169,1.26,13.4
5575,1.4,13.4
5653,0.9,10.3
17967,1.8,17.2
5765,2.4,24.5
5772,2.6,23.2
11124,1.5,16.6
707,1.1,10.4
5823,1.5,15.8
5845,1.4,16.6
31480,1.6,41.8
32442,1.02,23.4
5872,1,9.7
5905,3.1,30.5
5912,3.6,37.3
31486,1.8,44.7
5968,3,29.8
5975,4.1,37.9
31487,1.7,37.8
31488,1.6,42
31513,1.4,31.3
1190,2.3,84.7
1303,1.7,72
6003,3.6,32.9
31514,1.4,34
32415,1.53,54.9
770,1.7,19.1
6010,4.8,47.1
6017,3.4,46.2
32411,1.01,23.5
32413,1.79,51.8
6086,1.1,10.4
6287,1.3,12.8
1071,1.1,10.6
6343,1.5,28.3
6350,0.9,7.8
6357,1,11
32433,1.71,30.4
32434,1.94,32.5
1078,1.4,14.2
6406,1.3,20.6
6925,1.51544108986855,12.5092959403992
33977,1.1,11.1
33980,1.3,11
6989,2.08216935396194,77.9250717163086
25932,1.8,68.3
33877,1.4,20.1
1134,3.3,71.2
7358,1,10.15
7360,1,10.49
26769,1.3,13.8
33890,3,42
812,1.3,10.8
819,1.1,10.6
5230,2.8,33.8
7366,1,10.07
32436,2.31,33.7
32437,2.08,38.4
32439,1.63,32.5
856,1.5,13.9
5879,1,9.3
7368,1,10.2
9107,0.9,8.9
33879,2.1,26.6
33882,2.2,32
33887,2.2,33.2
9129,2.5,22.2
33888,1.8,26.1
33891,2.5,37.2
33892,1.5,21.4
33981,0.78,7.39
33982,0.98,9.53
33983,0.88,7.77
9144,1.6,14.4
32444,1.76,35.1
1162,1.2,12.1
9249,1.3,10.2
11215,1.9,73.7
11296,2.1,60.5
11299,2.1,69.1
17914,1,10.2
17917,1.7,68
24318,1.002,64.324
1176,2,48.2
9254,1.2,12.4
9255,1,8.7
25962,1.4,35
26017,2.3,75.5
26056,1.2,13.8
30362,0.79,8.93
30370,1.5,64.8
9274,1.2,11.2
32428,1.55,27.2
32429,2.93,42.1
32432,1.33,18
32430,1.35,21.8
32431,2.24,48.1
32419,1.48,30.4
1366,1.8,17.5
9360,2.7,29.4
32421,1.72,34
32422,1.28,39.1
32451,0.62,16.6
32452,1.05,22.4
32453,0.92,20.4
32418,0.67,19
32417,0.97,34.7
32420,0.81,29.9
32416,1.16,38.3
9366,3.3,72.8
32449,1.06,21.7
1631,2.5,24
9402,2.8,27.6
9403,2.6,26.6
9404,2.7,53.4
1654,6.8,72.9
1662,2.6,25.5
1668,3.1,39.8
9405,5.3,51.9
9407,3.4,45.5
9408,2.8,27.1
9409,2.5,49.5
9662,2.4,44.1
9664,1.9,15.7
9666,2.8,26.7
9670,2.3,20.5
9898,4.4,55.5
945,2.3,99.7
2779,1.39,14.4
2788,1.45,14.5
5716,1.7,17
10047,2.9,43.8
2795,1.5,18.4
2807,1.3,14.3
10053,2.3,50.5
10089,2.9,58.2
10091,3,44.2
10104,2.7,58.6
10229,1.3,12.7
10282,3.7,84.1
10334,1.9,31.9
10518,1,9.6
10519,1.2,10.9
10530,0.7,8.1
10633,1.5,15.6
10691,1,11.8
10896,1.4,21.1
10927,1.1,12.3
10928,1.3,14
26081,2.5,62.5
11226,1.8,19.9
11229,1.6,42
11367,3.3,35
11510,1.9,72.5
11516,1.8,52.8
11517,1.7,70.4
11520,1.2,12.6
11518,1.7,20.8
11550,1.2,96.2
11548,2,83.5
11549,2.8,88.3
11585,2.2,60.1
11587,2,50.1
10975,1.6,15.8
11741,1,9.5
10982,1.6,15.9
10983,1.5,13.5
11776,1.8,21.1
10989,1.3,12.8
11779,1.3,18.7
26382,1.1,34.8
11781,2,36
11812,1.6,16.4
18602,1.5,12
11818,1.5,15.2
11824,1.1,13.1
9135,1.8,14.6
17870,1.3,11.1
17871,1.3,11.7
9275,1.5,17.8
17885,0.9,14.1
17887,0.9,12.3
17890,0.9,11.6
3224,1.7,18.2
17897,1.7,25.8
17918,2.3,84.2
17920,1.7,41.2
17921,1.5,23
17930,2,40.2
17931,1.3,12.8
17944,1.9,75.8
11074,2.4,27.5
17953,1.3,40.5
17954,2.2,66.1
17955,1.5,49.6
9276,1.7,20.9
9278,1.3,12
9279,1.4,12.1
17956,1.5,19.1
17957,1.7,92.5
9280,1.9,17.8
11091,2.4,50.2
11092,0.9,11.1
17958,1.7,96
17959,1.6,64.1
9281,0.7,6.5
9282,1.4,16.2
9283,2.6,44
17961,2,66.2
17962,2.8,78.8
11102,1.3,13.1
17966,1.5,16
17969,1.6,95
17970,2.2,74.9
30368,1.6,64.2
9284,1.2,11.2
9286,1.1,10.8
17972,2.1,49.3
17973,1.5,78.5
30375,2.3,85.5
9288,1.5,15.2
17974,1.7,37.8
11139,2.8,71.8
11141,4.2,50.5
17981,2,40.1
17982,2.2,43.5
30261,1.1,41.2
17984,1.8,66.1
17985,3.1,75
17986,2,50.6
30276,2.3,102
9295,1.4,15
9302,1.3,14.4
17988,1.8,21.2
17989,1.2,42.3
17990,1.2,61
17993,1.8,46.4
29284,1.7,13.3
18002,2,56.1
25207,2,53.3
30287,2.7,116
30424,1.1,11.7
10131,1,10.3
18006,2.8,94.2
18008,2.6,88.9
18011,2.2,55
18015,1.5,74.5
25215,3,38.4
25216,2.9,43.7
30478,2.4,64.7
10133,0.9,9.7
18016,1.9,62.5
18017,2,67.5
18019,2.7,78.3
10132,0.8,8.8
10135,0.7,7.7
18020,2.5,62.4
18021,2.5,71.1
18025,1.6,100.1
10136,0.6,7.2
18046,1.8,18.7
10146,0.6,6.5
10722,2.2,32.1
10723,2.5,39
10726,1.5,24.4
6273,1.6,19.8
18212,1,10.7
18213,1.6,15.7
18219,2.4,23.3
18240,1.2,12
30306,2.1,90.5
9108,1.2,9.9
18250,2.2,32.9
10727,1.5,15.8
18539,2.8,51.9
18540,1.5,18.6
18541,2.6,67.3
10730,2.5,46.6
18566,1.2,12
18567,1.6,18.9
18568,1.1,11
22284,0.9,9.1
25743,2.2,22
22309,1.12,11.6
22311,1.3,13.4
22343,1.5,18
22346,2,21.1
22703,1.5,14
28372,7.4,162
30537,2.2,30.8
17977,2.5,43.4
23083,1.2,11.6
26724,2.1,21.6
30204,1.8,78.3
23092,1.3,11.8
30569,1.7,82.2
23140,1.9,15.6
23192,1.6,13.4
23207,1.6,12.5
23209,1.5,12.3
23211,2.2,24.1
23223,2.4,41.7
23256,1,8.7
23257,1.1,9.6
23260,1.3,10.2
24247,1.4,95.7
24262,2,44.4
24307,1.77,68.91
30543,1.1,11.7
24391,2.372,78.557
24403,2.751,74.625
24415,2.443,56.022
24453,0.99,9.93
25084,0.7,8.6
25092,1.4,66.4
25355,2.5,26.8
25363,2.7,52.9
25364,3.1,44.8
25365,1.8,31.4
9287,1.2,10.8
25163,2.8,35.2
26103,1.8,67.1
26243,1.2,66.6
26255,1.4,46.2
26278,2,79
26279,2.3,85
27623,3.5,54.6
28695,1.5,15.5
28698,1.2,11.9
28701,1.5,25.3
30307,1.4,49.8
30308,0.97,24.2
30312,1.9,40.4
30337,2.2,22.4
26595,2.7,34.5
29546,0.9,13
30668,1.8,73.1
30744,3.1,33.6
30771,1.5,62.6
26785,1.2,11.8
29553,0.86,14.3
30033,2.1,31.5
30685,2.3,32.5
9141,2.2,20.3
10903,1.3,12.3
10905,1.2,10.7
11605,1.4,15.8
11619,2,43.2
23253,1.3,13
23254,1.2,12.4
25149,1.1,8.76
9136,1.2,10.9
23258,0.8,7.5
25095,1.5,67.1
30223,2.5,124
30324,2,22.3
25971,1.7,38.3
26189,1.9,101
30634,2.1,67.4
30635,2.3,79.2
30636,2,39.3
26190,2.5,68
26335,2,21
30637,1.3,14
30638,2.3,63
26029,2.3,32.2
26204,1.5,30.8
26232,1.3,45.9
26238,1.7,50.9
30639,3,75.9
9273,1.5,15.4
10128,0.8,9.1
26280,2.8,86.1
30640,1.7,92.9
30641,1.1,10.4
23263,1.2,11.3
23762,1.2,11.5
25194,3,61.9
26282,2.9,90.1
28150,2.2,16.8
28151,2,16.9
18043,1.7,17.3
24393,1.553,35.899
25836,1.1,10.1
26286,2.9,83.3
28333,3,38.6
11761,1.6,26.4
18237,1.3,14.5
23303,2,30
26292,2.2,19.3
28487,0.9,12.5
30642,1.5,13
26293,2.7,27
29599,3.6,72.1
30646,1.1,10.5
26303,1.4,63.7
26726,1.7,17.5
30648,2.3,24.5
23065,2.3,20.1
23066,3.2,30.1
23067,0.9,9.7
25246,2,44.5
26147,2.3,64.8
26453,2.1,29.9
22913,1,9.3
26311,0.87,82.7
10791,1.9,26.5
10914,1.1,11
26318,1.3,19.6
30653,2.8,57.4
11136,2.5,32.2
18236,1,10.5
26481,2.2,43.4
26482,1.8,32.6
30029,2.4,30.9
30688,1.9,74.6
23163,1.6,31.1
24394,1.748,60.046
26516,3,36.5
10513,1.3,12.3
24400,1.139,12.155
24401,1.045,11.345
26517,2.4,35.6
26519,2.5,26.3
30683,1.8,86.7
23068,1.4,12.9
23069,1.6,15.6
26320,1.4,25
26520,1.9,19
26526,2.1,28.5
10139,0.9,11.2
10907,1.1,11.3
11604,1.6,43.3
24407,1.63,79.62
24408,1.696,54.418
10688,1,10.9
10689,1,10.5
11817,2.4,27.7
24454,0.699,11.965
26598,3.1,49.1
10819,1,10.5
10911,1.2,12
11823,2.4,29.8
24455,0.909,12.823
24456,1.35,17.58
25917,1.3,14.2
11826,1.2,12.8
17998,1.3,13.2
24558,1.43,46.793
25931,1.3,57.4
26315,1.4,20.8
26601,0.84,9.67
5195,2.1,56.4
26604,1.5,14.9
26680,2.1,31.7
26682,0.89,9.4
18012,1.7,72.9
25933,1.5,50.4
25934,2,31.6
26688,1.8,25
30553,3.1,41.3
30557,2.8,32.6
5237,2.2,25.7
9109,0.8,8.2
10913,1.3,12.6
26188,2.7,97.6
26768,1.3,11.4
26770,0.89,11.7
5289,1.7,16.5
10540,1.9,16.7
10900,1.4,14.2
18056,0.9,11.4
28495,0.75,9.26
28499,0.65,8.29
25935,1.9,36.7
26287,2.9,93.9
30410,1.7,47.7
30633,1.9,86.3
18296,1.8,17.8
23699,2.5,23.2
25944,1.6,49.5
10728,2.4,43.3
25155,0.83,7.07
25156,1.4,12.1
25966,1.6,27.3
28040,1.5,13.8
5415,2,20.9
5498,2.4,50.2
11121,2.4,82.5
26914,0.6,5.99
26555,2.5,65.2
23929,2.413,42.915
24371,2.74,43.49
30323,0.82,9.11
30366,1.9,72
24269,2.4,82.5
24271,1.9,87.7
27881,1.1,10.2
11125,2.6,70.4
11128,1.4,14.5
24324,1.7,40.4
24329,1.427,47.049
26006,1.6,74.5
9689,2.8,48.7
9696,4.1,37.2
24409,2.231,29.952
24410,1.543,66.726
26008,2,88.6
24411,2.158,92.147
24412,2.414,56.39
30518,2.1,64.5
30521,2.8,52.7
23956,1.3,14.1
23959,1.3,15
25082,1.15,80.75
25083,1.4,66.4
28483,0.79,9.55
23961,1.2,10.9
10939,1.5,14.2
11028,1.5,16.9
26019,1.4,62.4
26027,1.7,27
28484,0.88,11.8
25979,2.1,37
25982,2.7,33
30555,3.7,46.2
30573,2.4,83.2
30574,2.1,79.4
5933,2.9,29.5
5940,3.3,35
25987,0.69,8.54
25998,1.4,92.7
26108,0.99,9.93
26031,2.1,80.4
26110,2.4,41.8
26158,1.7,53.8
26159,2,53.5
26036,1.8,66.5
30519,2.1,65.5
30520,2.1,69.8
30522,2.9,54.2
26042,1.4,76.1
26047,1.3,81.3
26855,0.81,11.8
29017,1.5,16.2
26075,1.9,91
26087,1.7,75.5
26090,1.9,72.6
26091,2.1,55.3
26094,1.8,74.7
26098,2.5,34
26099,1.9,24.5
26126,2.5,78.7
26127,3.3,86.3
11066,1.3,72.2
24383,1.68,79.24
26134,2.6,37.2
26135,2.1,31.8
18305,3.8,37.3
26139,2,38.5
11698,1.9,19.8
24355,1.86,50.83
26149,1.9,29.5
30126,2.7,31.9
23280,1.6,21.5
26155,1.7,93.5
26970,3.2,66.2
28618,1.4,11.6
30224,2.4,96.1
30228,2.1,39.3
25166,2.8,35.2
26162,1.4,55.3
26288,1.8,21
27304,1.1,14.2
27487,1,12.3
28621,1.5,13.5
25162,2.2,30.5
25193,1.7,19.3
26164,2.7,93.5
29307,1.3,11.2
30249,1.7,64.3
30250,1.9,66.9
23270,2.2,16.7
26165,2.3,72.5
28625,1.4,10.1
30252,2.4,105
30254,2.5,113
25196,2.2,55.8
26173,1.8,71.2
30255,2.7,113
30257,2.5,85.2
22339,1.4,15.2
25197,3.1,58.4
26187,1.6,58.8
26300,1.2,20.1
28944,0.87,9.17
22706,1.3,13.3
25204,2.2,65
25206,2.1,47.5
29501,2.1,27.4
29893,0.98,10.4
29894,1,10.5
22918,3.2,51.5
25835,1.1,12.3
27024,3.5,49.4
29306,0.97,11.2
29794,0.84,10.7
25190,0.5,13
30268,1.4,40.5
30402,2,54.9
30411,2,56.7
30426,2.3,59.3
25210,1.9,46.6
29890,0.99,10.3
30415,2.2,73.5
30103,1.1,30.1
30294,1.9,107
30295,2,84.4
30456,1.3,22.3
23171,1.3,15
23283,1.7,17.9
25252,2.2,47.7
25847,0.9,45
25892,1.3,20
30296,1.8,90.9
30503,3,31.9
25347,2.5,52.2
25348,2.2,39.5
26380,0.78,33.9
30339,2.1,92.5
23262,0.9,8.3
23264,0.8,8.6
23265,1.4,12.7
26384,1.3,35.7
30340,2.1,115
30517,2.5,69.7
18536,1.8,20
23266,1.5,13.6
23267,1.7,15.4
25572,1.7,38.4
25599,3.6,55.1
22914,2.5,30.5
24185,1.9,18.3
25805,2.7,50.1
26313,1.8,25.8
26743,1.3,11.8
30531,1.8,63.2
26960,2.8,56.6
28147,2.1,18.7
29742,1.9,62.5
30533,1.7,26.5
30550,0.94,10.5
17995,1.7,24
28335,3,32.1
29106,2.5,32
30552,1.7,70.7
30554,2.4,33.8
17999,2.3,35.2
23293,1.3,12.4
26297,0.94,40.7
29737,0.6,8.62
26314,1.7,24
30355,1.5,79.9
30577,1.5,78.4
30682,2,58.1
30684,2,67.9
29898,1.2,11.9
30373,0.78,8.7
30374,0.9,11
24229,2.6,47.9
24231,1.8,43.8
30407,1.7,55.8
30409,1.8,62.4
30414,1.8,85.1
30486,1.9,71.7
25974,1.6,41
26294,1.8,17.3
28673,1,12.9
30483,1.7,55.6
24249,2.2,81.3
27087,1.4,46.7
28820,2.9,35
29502,1.8,60.1
30490,1.8,71.2
30504,2.6,25.5
29665,2.7,42.4
29744,1.1,77.2
30505,2.9,67.8
30507,2.7,64.4
29776,1.6,17.5
30248,1.2,17.6
30509,2.5,73.7
30516,3.1,59.5
30532,1.8,62.9
18053,1.5,14.6
26830,1.6,22.8
30326,0.98,10.1
30525,1.4,93.1
30544,0.9,9.06
18059,0.9,9.5
30270,1.4,19.9
30526,1.2,91.1
30527,2.7,78.5
26534,1.4,15.5
28036,1.2,10.7
29705,4.1,68.7
29741,1.3,82.5
30528,2.3,72.9
18101,1.3,14.2
26333,0.94,12.7
26565,1.8,53.3
30548,0.71,9.34
30549,0.88,10.2
26307,0.71,8.69
26666,1.4,22.8
30562,2,74.8
30566,1.5,91
18535,1.3,14
30575,2.2,77.6
30670,1.6,61.2
30671,0.83,10.2
26306,1.6,64.8
26852,0.84,12.1
30376,1.1,12.5
30377,1.5,26.3
30576,2.5,66.1
26853,0.75,11.5
26857,0.8,10.3
30378,1.2,13.4
30416,2.1,73.6
30417,2.2,48.8
27489,0.94,13.2
27491,0.9,10.3
30053,3.5,72.2
30419,1.3,91.2
30422,1.5,80.1
27527,1.2,15.2
29561,0.53,12.1
29563,1,18.2
30202,5.1,75.3
30203,1.4,84.2
30437,2.2,38.6
30440,2.7,31.9
26100,3.2,40.2
26793,1.2,14.1
26886,1.2,11
26921,0.96,9.05
30443,1.9,73.8
26736,1.2,12.1
30453,2.3,32.1
30534,1.7,29.1
30536,1.3,12.7
30556,2.5,33.9
28693,2.3,79.5
30672,0.9,11.4
30673,0.95,10.6
30674,2.3,61.7
30675,2.5,73.8
29770,1.5,14.8
30676,2.5,25.3
30677,2,68.6
30678,2.4,54.2
29702,1.7,19.6
30089,1.5,17.1
30652,1.6,15.2
28669,1,11.7
28696,1.4,13.8
30090,1.6,16.2
28819,1.7,43.2
28826,2.6,25
30691,3,41.6
30693,1.7,21.4
29710,2.4,30.3
29711,1.8,22.8
29738,0.95,79.5
29739,1.2,62.1
30746,3.8,42.3
30747,3.2,33.2
29091,1.8,31.4
29097,1.5,21
29099,1.2,14.6
29740,0.33,8.8
26377,1.1,35.7
26723,1.9,17.7
29174,1.2,12.4
29719,3.5,35
26141,2.2,45
26734,2,24.9
28148,1.8,15.2
29418,1.5,13.8
30122,13,248
30184,1.2,27.4
26979,1,10.5
29743,0.98,8.24
30102,1.1,26.3
26157,1.4,92.1
26386,0.88,34.7
26390,0.61,30.5
28406,1,12.5
30183,1.3,33.7
26013,2,80.3
26375,0.83,33.8
29728,3.4,36.7
30431,2.8,69.4
30769,1,8.5
29718,2.8,41.1
29745,1.5,63.5
30665,1.7,28.2
22344,1.5,17.1
30313,1.6,23.7
30314,1.6,65.2
30529,1.6,63.9
24253,2.3,62.8
22805,1.1,10.8
22806,1.2,12.7
24248,1.8,88.2
30325,0.69,6.17
30352,1.1,16.2
30354,2.3,39.1
30644,2.3,25.8
24389,1.886,88.412
24395,1.472,94.696
30328,1.3,13.4
30438,1.4,17.8
30541,1.9,73.1
30542,2,71.9
10609,2.9,52.2
24195,1.2,11.9
24199,1.6,16
24413,2.514,59.295
24414,1.963,111.563
30689,2,24
24390,1.523,76.576
25938,1.6,58.6
30565,2.3,98.2
30690,2.4,29.8
30695,4.8,53.4
30706,1.6,21.9
25993,2.1,73.9
26129,1.5,64.6
26130,3.2,85.2
30654,2.2,54.6
30656,2.1,95.1
30770,1.3,82.7
11508,1.9,69.8
26182,1.8,53.6
26183,1.8,85.2
26184,2.3,63.4
24256,2.1,66.7
17912,1.6,63.5
17919,0.9,13.3
18022,2,61
23927,2.064,46.068
24260,1.5,34
32412,0.99,23.3
32414,0.63,12.4
657,1.4,12.1
671,1.3,11.5
622,1.6,13.6
629,1.7,14.9
636,1.4,13.4
643,2,18.3
650,1.8,15.5
23269,1.4,12.2
23281,1.5,17.4
692,1.1,12.9
714,1.2,12.6
721,1.2,10.9
728,1.6,14
735,1.3,11.3
742,1.5,13.5
749,1.6,15.5
756,1.1,9.3
763,1.4,13.4
777,1.6,18
784,1.4,15.9
791,1.4,17.5
798,1.3,12.8
805,1.3,11.4
826,1.3,11.7
849,1.5,14.6
863,1.1,9.7
870,1.7,19.8
877,1.5,13.9
884,2.1,24.7
891,1.4,13
898,1.6,94.2
905,2,103
917,2,110.6
924,2,78.2
931,2.1,73.2
938,1.6,26.7
952,1.4,12.5
959,1.3,11.5
966,1.4,87
994,2,50.9
1008,2.5,30.8
1015,1.7,64.4
1029,1.7,55.8
1036,1.4,55.9
1043,1.9,71.9
1050,1.4,60.8
1064,1.2,11.6
1085,2.1,46.4
1099,1.6,29.6
1106,2.9,49.3
1113,1.4,27.4
1120,2,65.4
1127,1.8,83.9
1141,1.6,81.7
1148,1.6,86.9
1155,1.4,17.4
1169,1.8,34
1183,1.7,60.5
1296,2.1,52.3
1310,1.4,46.3
1317,1.6,14.1
1324,1.8,15.5
1331,1.8,15.1
1338,1.8,15.3
1345,1.6,14.1
1352,1.6,14.8
1359,1.6,13.6
1373,1.3,11.6
1380,2.4,38.8
1387,2.7,34.2
1394,1.2,11.3
1401,1.3,12.1
1542,1.3,11.7
1549,1.4,12.8
1556,1.4,12.3
1563,2.4,27
1570,1.8,14.8
1578,3.3,31.6
1585,5.2,59.6
1590,4.4,50.7
1599,2.5,22.8
1603,2.7,27
1613,2.3,20.7
1617,3.2,34.1
1627,3.8,39.5
1637,3,28.9
1644,6,71
1677,3,30
1906,1.08338437974453,10.5262804031372
2489,1.37,13.1
2496,2.3,86.5
2503,1.8,58.8
2510,1.7,35.8
2517,1.41,12.5
2524,2.39,29.5
2531,0.9,9.8
2552,2.4,31
2559,1.98,21.9
2573,2.842,39.216
2580,2.2995314002037,40.764
2587,2.5622633099556,24.882
2594,1.123,12.126
2608,2.09,19.3
2649,2.9,46.745
2656,1.76,17.5
2663,1.47,13.5
2691,1.279,12.245
2698,1.51,13
2705,1.7,14.1
2712,2.267,35.92
2746,2.6,51.073
2753,2.3396036028862,29.124
2767,1.43,13.7
2772,2.2,105.387
2816,1.2,13.8
2822,3,49.51600000000001
2837,1.424,13.912
2839,1.64,15
2851,2.129,22.188
2858,1.65,14.7
2863,2.3,47
2870,1.9,17.9
2879,0.9,10.2
2884,0.9,10.2
2891,1.1,10.5
2905,1.58,18.8
2912,1.35612189769745,15.937
2919,1.59,22
2928,1.89,32.9
2934,2.1,21.9
2939,2.21,48.7
2949,2.39,34.1
2956,1.85,19.8
2963,2.84,49.8
2970,0.9,9.7
2976,1.59,17.1
2981,0.7,8.5
2992,1.7,17.7
2999,1.6,14.691
3011,1.38595625758171,13.999
3018,1.12,12.6
3025,0.7929999999999999,8.043
3046,1.66,13.9
3060,1.14,9.6
3063,1.4,14.8
3083,1.264,12.358
3098,1.21495127677917,12.268
3109,2.359,51.437
3135,1.51,12.6
3151,1.09,11.6
3158,1.7,15.206
3160,1.38,12.3
3172,1.5,14.884
3181,0.87,10
3189,1.31,12.9
3193,2,25
3203,2.21,24.4
3210,1.41,11.9
3217,1.45,15.3
3231,2,35.466
3235,1.19,10.9
3245,1.65,15.4
3248,1.77,16.5
3258,1.71,16.2
3262,1.85274228453636,18.264
3273,1.35,12.2
3278,2.2,31.7
3289,1.24,12.2
3296,1.6517548263073,17.637
3303,1.76841616630554,22.881
3310,1.6,15.039
3313,1.54,14.9
3324,1.225,12.987
3338,0.7,12.8
3341,2.098,29.629
3352,1.56,18
3359,1.4,14.5
3366,1.39,16.2
3370,1.19,11.8
3380,1.36,13.1
3383,1.027,10.377
3394,1.21264278888702,12.103
3398,1.2,12.3
3407,1.00201666355133,9.905
3412,0.85,9.7
3428,1.36045634746552,14.34
3436,1.1,21.1
3443,1.43,12.5
3446,1.4,13.069
3457,1.19652427732944,11.505
3465,1.45,13.2
3472,2.34,59.8
3479,1.3,14.4
3486,1.2,13
3493,1.049,10.53
3515,1.18,14.8
3523,2.52,49.9
3547,2.4,44.855
3558,1.63,14.6
3562,1.25,12.5
3574,1.7,20
3578,1.14,11.7
3593,1.07,11.734
3600,1.213,13.771
3621,1.28,13.1
3628,1.88,19.1
3656,1.33734986186028,14.876
3684,1.29,12.7
3691,0.94,10.7
3694,1.281,12.205
3729,1.55,70.1
3743,1.59,98.6
3751,1.19,12.8
3758,1.31,14.5
3818,2.1,29.3
4100,2,27.297
4799,0.151,95.2
4834,0.228,80.9
4862,0.178,50.3
4890,0.159,65.6
4983,0.195,84.9
4990,0.192,62.5
4997,1.8,17.8
5038,1.7,17.1
5045,1.3,12.9
5052,1.3,12.7
5095,0.192,16.7
5102,0.186,16.2
5113,0.222,19.5
5120,0.238,21.8
5127,0.199,17.7
5134,0.218,21.2
5155,1.6,16.2
5162,1.5,17.4
5202,1.5,20.7
5209,2.7,79
5216,2.1,33.5
5223,1.8,17
5244,3.8,49.6
5258,1.9,21.4
5265,3.9,38.7
5275,1.6,11.9
5282,1.7,16.1
5324,1.9,18.3
5331,2,19.2
5338,3.1,30.8
5345,2.2,22.8
5387,0.214,19.9
5394,0.214,21
5401,0.246,22.6
5408,1.6,16
5443,2.3,22.4
5450,2.9,30.2
5457,2.9,28.1
5477,2.2,64.8
5505,2.2,35.6
5512,1.7,91.8
5519,2.5,77.7
5526,1.7,27.7
5533,1.7,15.4
5540,2.5,68.5
5547,1.3,18.8
5554,1.5,14.5
5561,2.6,25.5
5568,1.4,13.2
5582,3.1,30.7
5590,2.3,91.1
5597,2.9,33.7
5604,2.2,22.1
5611,2.1,21.1
5632,0.8,8.7
5639,0.8,9.2
5646,1,12.9
5660,0.8,10.4
5667,1.1,14.2
5674,1,11.5
5681,0.9,9.1
5688,1.1,14
5695,1.7,14.9
5702,2,18.3
5709,1.7,14.9
5723,2.2,25
5730,2.3,21.6
5737,2.1,17.7
5744,2.7,25
5751,2.2,21.2
5758,2.3,21.5
5779,2.7,24.8
5786,1.1,11.3
5795,1.2,11.8
5802,1.5,15.5
5810,1.3,14.2
5831,1.1,11.5
5838,1.4,13.7
5858,1,9.7
5865,1,9.5
5884,1.9,17.7
5891,1.8,19.8
5898,1.9,20.1
5919,2.1,19
5926,2,23.3
5947,2.5,25.4
5954,2,23.8
5961,6,60.1
5982,3.7,36.7
5989,3.3,33.3
5996,4.4,46.8
6024,2.7,26.4
6048,1.3,14.6
6058,2.5,27
6065,1.2,11.9
6072,1.2,11.8
6079,1.2,11.5
6098,1.5,14.5
6153,1.1,11.4
6162,1.3,13.8
6173,1.3,15
6180,1.4,14.2
6252,1.2,14.4
6259,1.3,12.9
6266,0.5,5.6
6280,1.3,12.3
6294,1,13.1
6301,0.9,28.7
6308,1,23.8
6315,1.2,12.1
6322,1,9.3
6329,1,9.7
6336,1.4,16.1
6378,1,14.5
6385,0.7,6.2
6392,1,11.6
6399,1.3,28.5
6423,1.4,38.3
6441,1.03654488921165,9.872857332229607
6892,1.02218002080917,10.4254591464996
6908,1.25102609395981,12.6158618927002
6915,0.95315046608448,9.43285822868347
6932,1.07636779546738,11.0283553600311
6945,1.14276498556137,12.3655772209167
6952,1.19438171386719,15.6407117843628
6961,1.751222014427189,14.9216294288635
6968,0.827182531356812,8.11809897422791
6975,1.08566284179688,10.111665725708
6982,1.38898566365242,13.8307428359985
6996,1.33840516209602,14.2503488063812
7003,1.42971411347389,15.3767561912537
7010,1.71681225299835,29.8687243461609
7017,1.62627980113029,21.3374185562134
7024,1.27193555235863,13.2915413379669
7031,1.5370187163353,15.8202373981476
7350,1.1,11.56
7354,1.2,12.52
7356,1,10.67
7362,1,10.3
7364,1,10.15
9110,1.3,12.4
9111,1.5,13.9
9112,1.7,14.9
9113,1.9,18.1
9114,1.4,11.4
9115,2,16
9130,2.06,18.9
9131,4.3,40.2
9132,1.9,16.1
9133,4.2,39.5
9134,1.1,10.5
9137,1,8.7
9138,1.8,18.4
9139,2,17
9140,4.3,38.3
9142,3.1,25.9
9143,5,46.5
9145,3.19,31.3
9146,0.8,9.4
9147,1.34,12.3
9148,1,9.8
9149,0.8,7.4
9150,1.6,16.8
9151,1.49,14.9
9152,3.4,30.4
9248,1.1,9.6
9250,1.1,10.7
9251,0.9,7.8
9252,0.8,7.5
9253,1.2,9.4
9256,1.3,13
9257,0.8,6.8
9272,1.3,13.4
9277,0.6,5.5
9290,1.7,17.2
9334,4.1,74.8
9335,3.4,87.4
9336,3,96.7
9340,3.2,64.9
9341,4,74.1
9342,2.7,92.1
9343,3.3,70
9361,4,43.1
9362,2.8,30.5
9363,3.8,94.4
9364,2.9,75.7
9365,2.1,24.3
9367,4.5,48.2
9368,3.6,77.9
9371,2.3,36.7
9372,2.4,22.1
9380,3.7,80.5
9401,2.9,46.8
9410,2.6,53.7
9411,4.4,58.7
9412,2.6,54.1
9413,2.6,41
9665,1.5,12.6
9667,3.4,29.6
9669,2.5,36.6
9671,4.3,43.1
9672,2.24,21.7
9673,2,16
9680,2.7,26.8
9682,2.1,22.2
9891,2.3,89.8
9892,4.6,63.5
9900,4.6,55.3
9902,4.4,60.1
9909,2.8,47.2
9914,2.6,45.8
10042,2.3,43.7
10043,3,34.3
10044,3.9,44
10045,3.4,62.7
10048,2.7,36.3
10055,2.6,23.9
10062,2.4,45.4
10090,3.1,61.7
10092,3.6,51.5
10093,3.5,38.5
10094,3.4,46.7
10095,3.4,46.7
10096,2.2,56.7
10097,2.4,65.4
10098,2.5,52.2
10099,3.9,49.6
10101,2.7,50.9
10127,1,9.8
10129,0.8,9
10134,0.8,8.1
10137,0.9,9.4
10149,1.4,14
10161,2.9,37.9
10163,2.8,41.1
10164,3.5,45.6
10166,3.3,27.2
10167,2.8,41.2
10169,3.5,42.9
10170,3.4,45.6
10172,3,50.7
10173,4.9,46.3
10175,2.7,37.2
10176,3.4,66.6
10177,3.7,39.1
10179,4.5,53.5
10180,6.4,81.6
10182,2.7,43
10186,2.4,26.9
10190,3.3,48.1
10224,1.3,12.9
10225,0.9,9.4
10226,1,9.6
10227,1.3,13.3
10228,1,10.7
10230,0.9,9.9
10231,0.8,9.1
10232,1.1,11.3
10233,1,10.1
10234,1.5,14.1
10235,1.4,14.1
10237,1.2,11.5
10239,1.2,12.1
10242,1,10.4
10271,3.66,93.7
10272,3.6,97.4
10273,3.1,57.7
10274,3.21,43.5
10275,2.59,49.7
10276,4.21,53.5
10278,3.43,58.8
10279,4.9,86.7
10283,2.8,61.8
10286,2.61,53.8
10287,2.78,58.8
10291,2.36,49.9
10294,4.5,52.8
10300,5.13,98.8
10330,3.9,49.1
10331,3.09,29.6
10332,2.4,48.1
10333,1.6,36.5
10336,1.67,30.7
10337,2.27,41.3
10341,2.27,23.1
10354,2.02,31.8
10360,1.85,18.2
10478,4,55.8
10479,2.2,46.7
10480,4.7,55.5
10481,3.12,38.8
10482,2.27,59.9
10485,3.38,83.6
10489,3,25.6
10490,3.49,71.1
10491,3,57.1
10492,3,55.1
10498,2.9,53.2
10507,1.3,12
10508,1,9.7
10509,0.9,8.4
10510,1.1,10.3
10511,1.3,11.5
10514,1,9.4
10515,0.8,7.9
10520,1.3,10.7
10522,1.1,10.6
10528,1.6,16
10531,1.3,11.4
10535,1,9.2
10536,1,10.7
10606,2.64,40.3
10608,2.44,38.6
10610,2.9,28.2
10611,2.9,30.3
10612,2,20.4
10613,2.6,27.4
10616,2.8,27.3
10617,1.6,17.6
10619,3.4,32.9
10634,1.5,15.6
10636,1.6,15.4
10638,1.3,11.9
10639,1.3,17.7
10640,1.4,13.8
10644,1.2,11.7
10659,1.2,12.2
10660,1.2,11.2
10661,1,9.9
10662,1.3,14.4
10664,1.2,12.4
10665,1.8,17.6
10666,1.1,11.2
10667,1.3,11.9
10670,1,9.8
10690,1.1,12.9
10692,1.1,13.5
10699,1.1,12.2
10704,1,11.8
10724,2.2,41.5
10725,2.2,41.9
10731,2.1,40.8
10732,1.4,16.5
10733,2,22.6
10736,1.7,18.8
10738,1.8,17
10739,1.1,12.5
10741,1.8,49.8
10742,2.1,29.3
10743,1.1,14.2
10790,1.8,21.9
10792,1.5,15.2
10793,1.7,19.2
10795,2.1,43.1
10796,1.7,22.6
10798,1.9,50
10809,1.1,11
10810,1.6,23.5
10811,1.7,18.3
10812,0.9,10.3
10813,0.7,7.1
10814,1.3,13.3
10815,1.3,13.9
10816,0.8,8.6
10818,0.8,9.1
10823,1.2,12.4
10827,1.3,14.2
10835,2.1,20.2
10839,1.1,12.8
10840,1.1,11.9
10844,1.1,11.5
10846,1.1,11.1
10895,1.3,15.6
10898,1.2,12.6
10899,1.2,12.5
10901,1.4,13.3
10906,1.3,12.7
10917,1.3,13
10929,1.2,11.9
10931,1.4,13.3
10932,1.7,21.3
10935,1.7,17.8
10938,2,19.4
10944,1.6,16.6
10946,1.3,15.4
10960,1.4,14.4
10961,1.4,12.4
10962,1.4,13.3
10964,1.7,19.7
10965,1.5,15
10966,1.5,35.7
10967,1.5,15.9
10970,1.4,13.4
10971,1.7,21.7
10974,1.7,19.3
10976,1.7,26.5
10977,1.3,12.6
10981,1.4,12.3
10984,1.6,18.4
11029,1.8,65.9
11030,1.4,34.8
11031,2.2,62.8
11032,1.2,46.8
11043,1.1,15.9
11044,2.1,52.3
11045,2,69
11046,2.1,74.8
11047,1.9,59.7
11049,1.3,89.3
11050,1.9,57.8
11051,1.7,96.9
11052,1.4,56.6
11053,1.5,64.4
11054,1.5,94.8
11056,1.2,14.8
11058,2.185,49.432
11059,1.6,31.2
11060,1.3,45.8
11061,1.2,13.9
11062,1.7,52.1
11063,2.1,69.4
11064,2.2,56.1
11065,2.1,50.5
11067,1.7,34
11068,1.6,41.9
11071,1.4,30.5
11072,2.5,43.6
11073,2.2,50.7
11075,2.9,29.1
11076,2.7,30.8
11077,3.3,34.6
11078,2.3,24.3
11080,3,32.6
11090,2.2,65.6
11095,2.2,44.8
11096,0.8,8.3
11100,1.2,11.9
11101,1.4,13.2
11103,1.4,13.8
11104,1.6,15.8
11105,1.6,15.2
11107,2.3,26.9
11117,2.6,29.7
11118,1.9,25
11119,1.7,22.3
11120,2.5,41.7
11133,2.4,25.7
11213,1.4,60.3
11214,1.6,25.5
11216,1.9,45.7
11221,2.1,37.2
11222,1.5,72
11223,1.7,61.4
11224,1.6,49.9
11225,0.9,9.9
11227,1,12
11228,2.5,24.7
11230,1.9,47.8
11231,1.7,45.6
11232,1.8,34.8
11233,1.5,40.6
11236,1.8,46.1
11237,1.6,23.7
11238,1.8,84.6
11239,2.3,34.3
11240,1.8,37.2
11241,1.4,84.7
11242,0.9,11.5
11243,1.1,10.5
11244,1.7,49.3
11265,1.4,20.5
11266,2.7,78.2
11267,1.7,77.7
11269,1.9,48.6
11274,1.5,70.8
11275,1.6,77.4
11276,2,81.2
11277,1.9,28.3
11278,1.8,70.1
11292,2,61.8
11293,1.7,74.4
11294,1.8,59.8
11295,1.4,71.3
11297,2.3,74.2
11298,2.2,66.4
11301,1.8,56.6
11302,0.6,6.6
11303,1.9,38.4
11304,1.6,66.5
11329,3.6,40
11330,4.7,50.4
11331,2.4,30.2
11332,4.9,47.5
11334,3.4,36.1
11338,4,46.8
11339,3.3,44.5
11340,3.2,32.5
11341,2.4,22.1
11353,1.9,62.5
11354,2.4,25.2
11355,2.8,59.4
11356,2.5,34.3
11357,2.3,25.8
11359,1.9,18.3
11361,2.6,36.2
11365,1.2,12.7
11377,1.1,11.4
11378,1.3,13.6
11379,1.3,14.6
11383,0.9,10.3
11384,1,10.9
11386,1.3,14.4
11397,1.2,11.1
11421,1,10.8
11422,1.5,14.6
11423,1.4,15.9
11424,1.2,12.7
11426,1.4,15.3
11427,1.1,10.8
11432,1.2,13.9
11433,1.2,11.6
11437,1.2,13
11438,1,11
11439,1.6,16.2
11443,1.1,11.1
11475,1.9,90
11476,2.2,86.7
11477,2.2,80.4
11478,2.2,90.4
11479,2,75.4
11486,2.2,70.2
11487,1.6,81.4
11488,2.1,91.4
11489,2.1,76.1
11490,1.7,70.1
11491,1.1,90.7
11492,1.8,56.8
11493,1.9,50.9
11494,2,74.9
11495,1.8,70.9
11496,1.7,73.1
11497,1.8,50.8
11498,1.9,33.1
11499,1.7,24.7
11500,2.2,47.4
11501,2.1,59.6
11502,2.3,46.5
11503,2.5,78.6
11504,2.1,95
11506,2.1,89.3
11509,2.1,53.7
11511,1.7,49.3
11512,1.5,64.8
11513,1.6,71.5
11514,2.2,63.1
11515,1.7,65.7
11521,1.6,28.1
11525,1.9,83.6
11526,2.2,84.6
11593,2.3,67
11595,2.1,57.7
11599,1.4,13.8
11600,1.4,14.6
11603,1.5,21.4
11618,1.2,13.6
11621,2.4,25.2
11623,1.3,13.7
11625,1.6,19.3
11626,1.2,12.3
11629,1.7,17.6
11653,1.4,14
11654,1.4,14.3
11655,1.4,14.7
11656,1.4,14.9
11657,1.6,16.4
11659,1.4,14.9
11660,1.5,16.4
11668,1,11.3
11669,1,10.6
11671,1.3,14.3
11673,1.2,13.1
11675,0.9,9.6
11676,1.1,11.6
11678,0.9,9.6
11684,1,10.4
11699,1.3,14
11701,1.2,12
11702,2.5,38.2
11703,1,15
11705,1.2,10.3
11707,1.9,24.7
11710,1.4,12
11712,1.6,15.1
11713,2.4,32.3
11716,1,8.1
11721,1.1,9.7
11760,1.2,14.3
11762,1.5,27.4
11763,2,53.5
11766,1.1,14.6
11767,1.9,53.3
11768,2,49.7
11769,1.7,37.2
11778,1.3,22.5
11785,1.2,14.4
11813,0.9,9.8
11815,1.2,12.8
11816,1.1,13.6
11825,0.8,9
11829,3.4,41.6
11833,2.1,31.7
11837,0.8,9.5
17869,1.4,13.3
17872,1.5,14.4
17873,1.3,11.6
17875,1.5,13.4
17879,1.9,36.7
17893,1.6,19.9
17894,1.4,24.1
17909,1.7,75.5
17910,1.8,79.6
17911,0.7,6.3
17913,1.2,12.6
17915,2,29.7
17916,2.4,33.6
17922,1.7,40
17929,1.9,47.7
17932,2.6,31
17933,1.1,14.5
17942,1.7,88.3
17943,1.6,79.5
17946,1.9,52.2
17947,2.4,44.5
17948,1.5,15.3
17949,2.8,31.9
17950,1.1,14.6
17951,1.8,20.1
17952,1.9,67.6
17960,2.6,56.2
17963,1.9,60.4
17964,2,57.5
17965,1.6,21.2
17968,1.7,64.7
17971,2.5,61.8
17975,1.7,46.6
17976,2.1,39.3
17978,2.1,52.5
17979,2.8,53
17980,2.4,49.9
17983,3,46
17987,0.9,13.2
17991,1.8,30.8
17992,2,77.7
17994,1.4,42.4
17996,1.4,29.9
17997,1.5,32.3
18000,1.9,48.6
18001,1.2,12.7
18003,2.1,88.6
18004,2.1,85.7
18005,2.5,83
18007,2.4,83.2
18009,2.8,93.9
18010,1.5,103.2
18013,1.8,55.3
18014,1.7,67.9
18018,1.8,59.7
18023,1.7,33.8
18024,1.9,59.9
18042,1.3,11.9
18044,1.4,15.1
18048,1.3,13.9
18049,1,11
18050,1,10.5
18051,1,10.4
18052,1.3,16.7
18054,0.9,10.7
18055,1.2,13.4
18058,1.1,10.6
18063,1.6,15.6
18077,0.9,8.4
18078,0.8,7.5
18079,0.9,8.5
18091,0.9,9.8
18092,1.1,11.9
18093,1,11
18094,0.9,9.9
18106,1.2,12.6
18154,2.8,47.8
18155,1.7,23.8
18156,1.9,21
18160,2,24.5
18161,1.8,22.1
18163,1.5,14.8
18165,1.7,20.3
18167,2.2,40.3
18168,1.2,14.6
18169,1.2,16.9
18171,1.9,25.1
18173,2.1,24.5
18176,1.2,12.7
18178,1.1,10
18193,1.7,18.3
18194,2,19.2
18195,1.9,22.3
18197,1.6,13.8
18201,2.8,40.7
18202,1.9,20.1
18208,1.3,12.5
18209,1.5,13.5
18238,1.4,14.7
18242,1,10.3
18246,1.9,21.6
18247,1,10.9
18248,2,23.7
18249,1.8,54.6
18251,2.1,59.7
18254,1.8,68.2
18255,3,63.4
18261,1.8,68
18262,2.2,52.8
18263,2.2,20.4
18264,2,45.6
18266,1.1,9.1
18267,2.8,33
18269,2.3,32.2
18271,2,36.8
18293,1.9,17.7
18294,1.7,16.6
18295,1.6,14.8
18299,2.3,21.3
18300,1.6,15.1
18301,1.2,11
18302,1.8,17
18303,4.1,37.1
18304,3.1,27.7
18307,3.1,32.1
18319,1.3,9.6
18320,1.5,11.8
18321,0.7,6.9
18324,1.9,16.6
18325,0.7,12.6
18398,1.4,13.2
18399,1.6,18.5
18400,0.9,9.1
18401,1.5,18.3
18405,1.3,13.6
18532,2,28.6
18533,1.2,13.4
18534,2,45.1
18537,2.5,64.3
18538,5,60.2
18569,1.7,20.7
18571,1,10.5
18581,2.1,24.5
18582,3.2,31.4
18583,1.8,29
18585,2.1,56.9
18586,2.9,33.1
18587,2.7,39
18589,2,18.9
18597,1.4,12.1
18598,1.2,9.7
18600,1.5,16.4
18601,1.3,10.9
18603,1.6,16.1
18604,2,29.1
18605,1.5,19.7
18607,1.7,21.9
18608,1.3,9.8
18609,2,17
18611,1.5,15.1
18613,1.3,12.7
18615,1.6,19.1
18617,1.5,17.4
18619,1.5,20.6
18621,1.4,14.1
18623,1.7,22.2
18625,1.6,17.6
18634,1.8,21.9
18635,1.7,14.4
18638,1.7,15.6
18640,1.7,27.1
18642,1.7,12.5
18655,1.5,23.4
18657,0.9,10.8
18658,1.1,13.1
18659,1,10.7
18660,1.2,14.9
18661,0.9,9.2
18662,1.2,12.5
18663,1.2,12.6
18664,1.3,34.9
18665,0.7,7.1
18666,1.1,11.2
18667,0.9,9
18668,1.6,15.5
18669,1.3,21
18671,1.4,14.6
18672,1.2,15.6
18673,1.4,24.6
18676,1.2,12.8
22241,2.4,23.7
22242,2.2,24
22243,2,18.5
22244,1.9,16.5
22249,1.2,16.4
22257,1.3,17.9
22285,1,10.1
22286,1.3,13.4
22287,1,10.2
22288,0.9,9.9
22289,1.5,17.5
22290,1,9.8
22291,1.3,13.6
22292,1.3,14.2
22293,1.2,12.7
22294,1,10.4
22295,1.1,12.2
22296,0.9,8.3
22297,1.1,11.4
22298,1.3,14.1
22299,0.9,9.1
22300,0.9,8.7
22301,1.3,13.8
22302,1.2,12.6
22304,1.1,11.2
22305,1.1,12.2
22307,1.3,14.1
22308,1.2,12
22312,2,21.6
22332,0.9,9.5
22333,1.1,13
22334,1.3,16.3
22335,1.4,15.1
22336,1.3,14.8
22337,1.3,15.9
22338,2,30.6
22340,1.8,21.1
22341,1.2,14.9
22342,2.1,49.7
22345,1.3,14.4
22704,2.1,20.7
22705,1.8,19.4
22707,1.5,15.3
22802,1.2,12.8
22807,1,10.3
22867,1.2,12.7
22870,1.4,14
22875,1,10.3
22915,1.7,16.6
22916,1,10.1
22928,2,17.3
22931,2.3,21.1
22952,1.5,15.4
23042,1,10
23044,1,10.4
23045,1.7,16.4
23046,1.2,11.8
23047,1.6,15.8
23048,1.2,12.1
23051,1.8,18.2
23070,2,22.4
23072,1,9.7
23074,2.5,25.8
23075,1.1,10.2
23078,1,9.4
23079,3,41.1
23080,3,47.5
23081,4,44.4
23084,2.2,37.5
23085,1.5,12.3
23087,1.9,37.2
23093,1,8.9
23094,1.4,11.5
23097,2.2,21.1
23098,1.6,15
23100,2,21
23129,1.3,11.6
23130,2.5,35.9
23131,2.9,32.7
23132,2.2,37.4
23134,1.9,17.5
23136,2.4,23.2
23137,1.9,26.8
23139,3.7,43.1
23141,3.4,33.1
23144,2.3,21.9
23148,1.6,14.1
23164,1.7,31.3
23166,1.6,23.2
23167,1.9,32
23169,1.6,19
23182,1.3,10.9
23183,1.5,11.9
23184,1.4,25.5
23186,1.3,10.7
23187,1.3,20.4
23189,1.5,13.1
23190,1.6,14.4
23191,1.4,12.2
23195,1.4,11.3
23200,1.3,10
23201,2.9,42.6
23202,1.5,13.1
23203,2.9,33.2
23204,2.2,18.6
23224,1.8,14.3
23225,1.9,13.4
23226,2.9,48
23228,2.4,18.3
23230,2.7,16.8
23231,3.4,29.6
23234,3.1,44.5
23255,1.1,10.7
23259,1.2,9.4
23268,2,19.1
23282,1.6,18.3
23284,1.6,21.5
23294,1.6,16.6
23295,1.7,20.3
23298,1.3,13.1
23301,1.8,18.9
23308,1.9,22.8
23309,2.2,31.3
23310,1.9,18.6
23313,1.9,18.1
23314,1.9,18.9
23562,1.7,16.4
23566,1.7,17.1
23567,1.6,14.9
23572,3,29
23576,2.3,22.2
23643,1.7,19.6
23644,1.4,13.7
23646,1.6,18.9
23647,1.9,21.8
23648,2.2,25.3
23650,2.2,26.8
23653,1.9,22
23658,1.3,11.9
23685,1.2,11.2
23686,1.3,11.5
23688,1.3,11.7
23689,1.1,10.2
23692,1.6,15.7
23693,1.2,10.6
23694,1.2,10.8
23695,1.4,12.7
23700,1.9,16.9
23701,1.5,24
23702,1.7,18
23703,1.2,10.1
23763,1.2,11.9
23764,1.1,11.3
23765,1.1,10.7
23766,1.1,11.6
23767,1.1,10.4
23768,1.2,10.6
23783,2.1,25.1
23785,2,25.5
23786,1.5,12.9
23789,2.4,42.5
23792,1.9,29.1
23796,3.7,65
23813,2.5,49.2
23815,2.5,39.3
23818,1.4,12
23820,3,45.2
23830,2,60.1
23928,1.656,46.645
23957,1.4,16.2
23963,1.3,13.1
23967,1.3,15.5
24182,1.2,11.9
24184,1.4,14.5
24190,1.4,13.6
24224,1.3,32.4
24233,1.4,21.2
24238,1.4,44.8
24239,1.7,37.2
24241,1.7,19.3
24242,1.1,14
24243,1.717,46.434
24245,2.5,87.7
24246,2.3,84.9
24255,2.2,77.9
24261,2.4,47.1
24263,1.3,17.6
24264,1.6,45.1
24265,1.7,33.3
24266,1.5,17.5
24267,1.3,16.9
24268,3.2,90.6
24270,1.2,93.9
24272,2.4,82.8
24273,2.2,63.5
24274,2.9,80.9
24275,2.7,69.5
24276,1.6,30.2
24277,2.9,45.2
24278,2.1,40
24279,1.6,17
24280,1.72,45.7
24281,1.92,36.71
24282,1.75,18.56
24283,0.9,10.59
24284,3.2,88.19
24285,2.7,84.31
24286,1.3,93.09
24287,1.96,88.21
24288,2.28,81.07
24289,2.22,61.64
24290,2.73,77.32
24291,2.42,67.58
24292,1.65,76.04
24293,2.131,65.312
24294,1.942,70.449
24298,2.29,71
24299,2.389,83.918
24300,2.21,71.18
24301,2.54,80.68
24302,2.558,90.863
24303,1.143,88.867
24304,2.24,64.77
24305,1.94,53.13
24306,2.625,80.793
24308,1.2,68.7
24309,1.903,50.716
24310,1.425,81.859
24311,1.66,73.75
24312,1.535,55.349
24316,1.853,24.862
24319,2.19,88.463
24322,1.828,47.479
24333,1.828,54.61
24334,1.234,106.281
24335,1.671,48.726
24340,1.748,63.889
24343,2.34,34.354
24344,1.973,26.314
24345,2.314,47.672
24346,1.663,38.25
24347,2.84,59.09
24348,1.865,43.752
24349,0.94,11.45
24350,2.23,69.67
24351,1.428,32.578
24352,2.86,74.22
24353,3.535,92.43
24358,1.56,64.899
24359,2.05,30.8
24360,1.55,79.12
24361,1.687,79.138
24363,1.68,75.69
24365,1.89,45.88
24368,1.612,18.837
24369,1.84,32.44
24370,1.454,16.711
24372,2.354,58.394
24373,1.59,81.88
24375,1.28,12.78
24377,2.629,78.662
24379,2.13,88.933
24382,1.839,68.008
24384,2.379,63.926
24385,1.44,73.95
24387,1.819,77.998
24388,2.38,83.11
24396,1.132,11.72
24397,1.04,12.36
24398,0.984,10.307
24399,1.02,10.467
24402,1.39,18.306
24404,1.891,91.094
24405,2.349,58.495
24406,2.1,73.78
24416,2.207,63.722
24444,1.715,45.89
24445,1.41,45.767
24446,2.09,43.54
24447,1.684,77.052
24448,1.57,63.38
24449,1.367,69.608
24450,0.631,9.865
24451,0.559,8.728
24452,0.703,10.147
25087,0.7,8.4
25093,0.7,8.5
25094,1.2,82.1
25150,1.4,10.4
25151,1.2,11
30686,1.5,56.6
25152,0.87,7.52
25153,1.5,18.8
25154,0.78,6.94
25157,0.88,7.37
25158,0.83,7.03
25173,3.3,50.4
25184,4.9,45.3
25185,3.4,30
25186,1.1,12
25214,2.3,79.1
25218,2.7,47.3
25236,1.6,38.7
25240,2.8,46.9
25247,1.7,40
25254,2.2,35.1
25255,1.6,48.1
25280,3.3,42.7
25335,2.2,59.8
25336,3.7,55.5
25339,2.4,53.9
25341,2.5,47.8
25342,3.1,46.8
25345,2.1,37.6
25368,3.6,38.6
25369,2.8,28.6
25370,3.1,50.3
25372,3.2,44
25378,2.6,50.8
25385,3,60
25446,2.7,31
25494,2.6,42.8
25523,2.3,51.6
25563,3.5,95.2
25566,1.6,39.6
25733,1.8,16.8
25810,4,82.8
25848,3.2,100
25850,1.2,10.4
25871,1.4,12.9
25888,1.3,14.1
25896,1.2,13.3
25899,1.8,23.1
25900,1.2,14.8
25901,1.2,14
25902,2.2,25.5
25916,1.3,13.7
25918,1.2,13.3
25919,1.4,14.8
25923,1.4,16.4
25924,1.5,15.6
25925,1.9,23.2
25928,1.8,23.8
25936,1.6,69.7
25937,2.2,29.1
25940,1.5,77.9
25941,1.4,96.5
25942,2,43.4
25943,1.6,28.5
25945,2,63
25963,1.5,39.8
25967,2.4,86.9
25983,1.5,17.4
25992,1.7,69.4
26001,1.7,92.2
26005,1.6,80.8
26012,2.3,86.2
26015,1.6,58.3
26043,1.9,63
26049,1,12.6
26051,1.7,45.2
26061,2.2,59.2
26063,2.4,65.7
26067,2,62.7
26069,1.4,74
26072,2.8,81.2
26079,1.6,73.1
26080,1.4,68.7
26084,2,87.3
26101,2.2,38.6
26102,1.9,68.1
26104,2.7,81.3
26105,2.6,80.1
26106,2.6,34.9
26107,1.6,27.7
26109,0.83,8.28
26111,1.6,35.5
26112,1.9,42.8
26113,1.7,40.2
26114,1.7,37.8
26115,1.7,38.3
26116,2.3,74.5
26117,2.4,74.7
26118,1.8,74.4
26119,1.9,74
26120,1.8,19.8
26121,2.9,30.8
26122,2.1,45.5
26123,1.3,40
26124,2.3,93.5
26125,2.9,97.8
26128,1.7,62.4
26131,3.7,90.2
26132,2.8,45
26133,2.2,39.8
26136,2.2,72.8
26137,2.1,74
26140,1.9,47.3
26142,1.6,78.3
26143,1.6,77.6
26144,2.5,63.8
26145,2.6,65.1
26146,2.3,65.6
26148,2.4,31.8
26150,2,48.7
26151,1.8,48.5
26152,2.6,65.2
26153,3.1,68.8
26154,1.9,95.1
26156,1.7,94.9
26160,2.1,71
26161,2.1,70.3
26163,1.6,59.3
26166,1.5,82.6
26167,1.3,79.8
26168,1.2,12.7
26169,1,10.8
26170,2.2,76.7
26171,2.3,80.5
26172,1.6,67.8
26174,2.3,74.9
26175,2.2,70.6
26176,1.8,54.3
26177,1.4,57.7
26178,2.2,77.6
26179,2.7,78.5
26180,1.8,98.3
26181,1.4,77
26185,1.7,86.8
26186,1.8,26.5
26202,1.7,39.9
26203,1.5,29.6
26220,1.9,33.8
26239,1.4,61
26281,2.9,90.1
26283,2.6,78.7
26284,2.6,85.2
26285,4.2,103
26289,2.5,24.3
26290,2.6,28.2
26291,2.3,28
26295,5.9,45
26296,3.5,39
26298,2.6,35.2
26301,0.74,8.84
26302,1.2,82.3
26304,0.85,8.47
26305,1.4,82.2
26308,1.1,80.9
26309,1.3,63.4
26310,0.48,9.03
26312,0.99,64.1
26316,1.6,20.3
26317,1.4,19
26319,0.83,13.7
26321,1.5,23.5
26322,0.79,15.7
26337,0.88,10.6
26338,1.7,25
26376,0.87,32.9
26378,0.88,33.1
26379,1.2,36.5
26381,0.93,35.4
26383,1,35.8
26385,0.77,33.1
26387,1.1,36.5
26388,0.92,34.8
26389,1.2,37.1
26394,0.64,8.8
26397,0.86,10.5
26403,1.1,10
26406,0.73,9.47
26408,1,9.57
26420,0.89,10.8
26450,2.5,42
26452,0.9,12
26455,2.7,42.9
26456,1.8,14.9
26459,1.8,14.9
26460,3.5,68.6
26476,1.2,11.3
26477,2,24.5
26479,2.2,78.6
26531,2.9,56.3
26536,1.5,16.9
26553,2.6,41.1
26556,0.37,12.8
26561,1.7,80.3
26661,1.1,17.9
26663,1.1,16.6
26667,1.3,15.6
26684,2.4,80
26725,1.2,14.9
26738,1.1,9.07
26790,1.1,12.7
26796,1.1,11.8
26827,1.3,11
26831,1.2,11.3
26834,1.6,15.5
26838,1.4,12.3
26850,0.99,14
26883,1.2,11.3
26885,1.1,11
26888,1,10.3
26889,1,9.93
26920,1,9.24
26922,0.87,8.37
26978,0.83,10
26980,0.71,6.69
26983,1.4,13.8
26989,1.3,12.1
26996,1,10
27025,3.5,58.7
27027,3,33.3
27031,2.1,22
27032,2.7,27.9
27035,2.1,19.2
27069,1.5,14.5
27070,1.6,21
27071,1.5,12.1
27072,1.5,14.1
27083,1.2,18.5
27084,1.1,12.2
27093,1.1,11.1
27098,1.7,30.9
27105,1.2,17.8
27108,1.8,22.2
27133,1.6,14
27135,2.1,30.8
27136,1.6,14.3
27138,2.4,48.1
27157,1.3,11.1
27246,1.6,36.5
27299,1.3,14.9
27303,1.5,16.3
27305,1,12.9
27475,1.1,13
27476,1.3,20.2
27494,1.2,15.1
27528,1.2,15.6
27530,1.1,13.9
27531,1.2,16.1
27532,1.1,13.1
27629,2.6,32.4
27725,0.77,13.1
27727,0.62,11.5
27730,0.67,10.8
27759,0.71,11.1
27761,0.58,10.7
27764,0.66,10.9
27879,1,9.38
27880,1.1,9.6
27882,1.1,9.6
27899,0.71,11.2
27903,0.61,10.5
27905,0.41,9.5
27906,0.47,9.53
27926,1.7,17.8
27929,1.7,16.6
27933,2,39
27934,1.5,15
28030,1.6,19
28085,0.79,10.1
28308,0.97,9.47
28309,0.74,6.41
28313,0.85,10.3
28317,0.9,7.68
28318,0.79,8.59
28330,2.4,21.7
28334,3.3,46.4
28363,5.6,150
28479,0.75,9.16
28624,1.8,15.8
28626,1.7,14.9
28666,0.86,10.1
28677,0.95,10.5
28679,1.1,12.3
28697,1.9,77.2
28704,1.6,16.5
28707,1.7,18.9
28817,2,25
28818,1.5,16.2
28823,2.1,20.7
28919,1.2,12.1
28940,1.7,29.9
28942,0.97,10.4
28943,1.3,13.9
28986,1.5,17.4
28995,1,10.7
29011,1.1,11.7
29012,1.2,14.8
29014,1.6,17.8
29104,1.5,15.6
29113,1.5,17.8
29175,1.1,12.5
29176,2.1,22.7
29180,1.9,22.7
29191,1.2,12.8
29282,1.5,12
29283,0.97,12.2
29286,1.2,12.9
29304,1.3,10.9
29308,1.1,12.2
29310,1.4,16.3
29311,1.4,16.5
29422,1.6,12.3
29545,0.81,14.8
29547,0.67,12.5
29548,0.85,15.5
29549,0.71,11.8
30687,1.9,76.5
29550,0.83,14.4
29664,3.2,31.9
29703,2.2,39.8
29704,1.8,27.5
29706,1.7,23.5
29707,2.3,32.4
29708,2.2,26.8
29709,3.1,47.6
29717,4.8,53.9
29720,3.1,33.2
29721,3.4,39.6
29722,3.3,40.3
29723,3.7,35.9
29726,4.3,45.4
29727,3.2,33.3
29771,1.5,14.7
29777,1.5,16.9
29786,0.94,10.9
29788,1.1,8.84
29793,0.6,7.34
29808,0.82,8.74
29889,1,11
29891,0.94,10
29896,1.1,11.5
29897,1.1,11.4
30023,3,33.3
30024,3.5,40.4
30026,3.1,30.7
30028,3,31.1
30031,4.2,43.9
30054,3.9,53.9
30055,3.7,54.9
30091,1.6,15.8
30092,2,20.5
30093,1.7,17.6
30094,1.6,16
30095,1.6,16.3
30096,1.7,16.7
30097,1.6,16.4
30098,1.6,16
30104,1.2,31.9
30105,1.1,32.7
30106,1.3,31.6
30107,1.5,32
30108,1.3,32.7
30109,1.5,33.5
30114,4.5,50.3
30121,1.5,17.6
30128,2.6,31
30181,1.1,31.8
30182,0.64,30.8
30185,1.7,38.1
30208,2.2,90.9
30209,2.2,96.4
30216,1.9,100
30217,2.1,103
30259,1.2,43
30260,1.1,15.8
30269,2.1,19.6
30277,1.9,81.1
30279,2.4,96.9
30285,4.1,104
30286,2.7,113
30336,2.4,24.6
30341,2.2,109
30342,2.4,117
30351,1.6,28.5
30357,1.8,80.3
30358,1.8,26.1
30359,1.7,59.9
30363,1.4,71.6
30365,0.78,9.61
30369,1.4,59.8
30388,2.4,30.1
30403,1.5,61.3
30404,1.8,17.9
30405,1.7,65.8
30406,2.1,47.4
30428,2.5,77.9
30436,1.8,38.2
30462,2.4,74.6
30468,1.5,90.7
30471,2,92.3
30479,1.7,73.4
30501,3,75.1
30502,2.8,68.4
30506,2.5,61.1
30508,2.3,56.3
30510,2.3,67
30511,2.6,58.5
30512,2.1,52.9
30513,2.2,58.3
30514,1.9,56.5
30515,2.4,52.5
30523,2.1,89.9
30524,2.4,86.2
30530,1.7,64.8
30535,1.1,13
30538,1.6,25.7
30539,2.4,31.8
30540,2.5,32.7
30545,1,11.4
30546,0.87,10.8
30547,1.2,16.5
30551,1.5,69.5
30558,2.8,33.3
30559,2.7,43.6
30560,2.5,37.4
30561,2.3,72.5
30563,3.1,85.8
30564,2.9,84.1
30567,2,95.1
30568,1.9,93.4
30570,1.5,79.9
30571,1.7,56.9
30572,1.6,57.9
30643,3.2,79.4
30650,2.3,71.7
30651,0.96,9.79
30666,1.5,72.4
30667,0.84,12.4
30669,1.5,65.6
30679,2.2,60.7
30680,2.2,67.4
30681,2,52.8
30694,4.8,52
30707,1.5,19
31484,1.5,34.3
31485,1.5,42.8
32447,2.53,50.8
32448,1.43,28.3
32450,2.36,34.4
32454,0.94,25.3
